Workbook

Sheet Schedule
Z1: Week 1 | AI1: Week 2 | AR1: Week 3 | BA1: Week 4 | BJ1: Week 5 | BS1: Week 6 | CB1: Week 7 | CK1: Week 8 | CT1: Week 9 | DC1: Week 10 | DL1: Week 11 | DU1: Week 12 | ED1: Week 13 | EM1: Week 14 | EV1: Week 15 | FE1: Week 16 | FN1: Week 17 | FW1: Week 18 | GF1: Week 19 | GO1: Week 20
B2: Start Date
B3: No. of weeks
A4: {=_xlfn.SEQUENCE(C3,1,C2,7)} -> #VALUE!
B5: Market | C5: Asset | D5: =A4 -> #VALUE! | E5: =A5 -> 0 | F5: =A6 -> 0 | G5: =A7 -> 0 | H5: =A8 -> 0 | I5: =A9 -> 0 | J5: =A10 -> 0 | K5: =A11 -> 0 | L5: =A12 -> 0 | M5: =A13 -> 0 | N5: =A14 -> 0 | O5: =A15 -> 0 | P5: =A16 -> 0 | Q5: =A17 -> 0 | R5: =A18 -> 0 | S5: =A19 -> 0 | T5: =A20 -> 0 | U5: =A21 -> 0 | V5: =A22 -> 0 | W5: =A23 -> 0 | Z5: 8-sheet | AA5: 6-sheet | AB5: 4-sheet | AC5: 2-sheet | AD5: QA0 | AE5: Mega | AF5: DOT M | AG5: MP | AH5: FF | AI5: 8-sheet | AJ5: 6-sheet | AK5: 4-sheet | AL5: 2-sheet | AM5: QA0 | AN5: Mega | AO5: DOT M | AP5: MP | AQ5: FF | AR5: 8-sheet | AS5: 6-sheet | AT5: 4-sheet | AU5: 2-sheet | AV5: QA0 | AW5: Mega | AX5: DOT M | AY5: MP | AZ5: FF | BA5: 8-sheet | BB5: 6-sheet | BC5: 4-sheet | BD5: 2-sheet | BE5: QA0 | BF5: Mega | BG5: DOT M | BH5: MP | BI5: FF | BJ5: 8-sheet | BK5: 6-sheet | BL5: 4-sheet | BM5: 2-sheet | BN5: QA0 | BO5: Mega | BP5: DOT M | BQ5: MP | BR5: FF | BS5: 8-sheet | BT5: 6-sheet | BU5: 4-sheet | BV5: 2-sheet | BW5: QA0 | BX5: Mega | BY5: DOT M | BZ5: MP | CA5: FF | CB5: 8-sheet | CC5: 6-sheet | CD5: 4-sheet | CE5: 2-sheet | CF5: QA0 | CG5: Mega | CH5: DOT M | CI5: MP | CJ5: FF | CK5: 8-sheet | CL5: 6-sheet | CM5: 4-sheet | CN5: 2-sheet | CO5: QA0 | CP5: Mega | CQ5: DOT M | CR5: MP | CS5: FF | CT5: 8-sheet | CU5: 6-sheet | CV5: 4-sheet | CW5: 2-sheet | CX5: QA0 | CY5: Mega | CZ5: DOT M | DA5: MP | DB5: FF | DC5: 8-sheet | DD5: 6-sheet | DE5: 4-sheet | DF5: 2-sheet | DG5: QA0 | DH5: Mega | DI5: DOT M | DJ5: MP | DK5: FF | DL5: 8-sheet | DM5: 6-sheet | DN5: 4-sheet | DO5: 2-sheet | DP5: QA0 | DQ5: Mega | DR5: DOT M | DS5: MP | DT5: FF | DU5: 8-sheet | DV5: 6-sheet | DW5: 4-sheet | DX5: 2-sheet | DY5: QA0 | DZ5: Mega | EA5: DOT M | EB5: MP | EC5: FF | ED5: 8-sheet | EE5: 6-sheet | EF5: 4-sheet | EG5: 2-sheet | EH5: QA0 | EI5: Mega | EJ5: DOT M | EK5: MP | EL5: FF | EM5: 8-sheet | EN5: 6-sheet | EO5: 4-sheet | EP5: 2-sheet | EQ5: QA0 | ER5: Mega | ES5: DOT M | ET5: MP | EU5: FF | EV5: 8-sheet | EW5: 6-sheet | EX5: 4-sheet | EY5: 2-sheet | EZ5: QA0 | FA5: Mega | FB5: DOT M | FC5: MP | FD5: FF | FE5: 8-sheet | FF5: 6-sheet | FG5: 4-sheet | FH5: 2-sheet | FI5: QA0 | FJ5: Mega | FK5: DOT M | FL5: MP | FM5: FF | FN5: 8-sheet | FO5: 6-sheet | FP5: 4-sheet | FQ5: 2-sheet | FR5: QA0 | FS5: Mega | FT5: DOT M | FU5: MP | FV5: FF | FW5: 8-sheet | FX5: 6-sheet | FY5: 4-sheet | FZ5: 2-sheet | GA5: QA0 | GB5: Mega | GC5: DOT M | GD5: MP | GE5: FF | GF5: 8-sheet | GG5: 6-sheet | GH5: 4-sheet | GI5: 2-sheet | GJ5: QA0 | GK5: Mega | GL5: DOT M | GM5: MP | GN5: FF | GO5: 8-sheet | GP5: 6-sheet | GQ5: 4-sheet | GR5: 2-sheet | GS5: QA0 | GT5: Mega | GU5: DOT M | GV5: MP | GW5: FF
B6: Sydney | Y6: Sydney | Z6: =IF(AND($C6<>"",$D6<>""),(VLOOKUP($C6,'V-LOOKUP'!$C$4:$M$59,4,FALSE)),"0") -> 0 | AA6: =IF(AND($C6<>"",$D6<>""),(VLOOKUP($C6,'V-LOOKUP'!$C$4:$M$59,5,FALSE)),"0") -> 0 | AB6: =IF(AND($C6<>"",$D6<>""),(VLOOKUP($C6,'V-LOOKUP'!$C$4:$M$59,6,FALSE)),"0") -> 0 | AC6: =IF(AND($C6<>"",$D6<>""),(VLOOKUP($C6,'V-LOOKUP'!$C$4:$M$59,7,FALSE)),"0") -> 0 | AD6: =IF(AND($C6<>"",$D6<>""),(VLOOKUP($C6,'V-LOOKUP'!$C$4:$M$59,8,FALSE)),"0") -> 0 | AE6: =IF(AND($C6<>"",$D6<>""),(VLOOKUP($C6,'V-LOOKUP'!$C$4:$M$59,9,FALSE)),"0") -> 0 | AF6: =IF(AND($C6<>"",$D6<>""),(VLOOKUP($C6,'V-LOOKUP'!$C$4:$M$59,10,FALSE)),"0") -> 0 | AG6: =IF(AND($C6<>"",$D6<>""),(VLOOKUP($C6,'V-LOOKUP'!$C$4:$M$59,11,FALSE)),"0") -> 0 | AH6: =IF(AND($C6<>"",$D6<>""),(VLOOKUP($C6,'V-LOOKUP'!$C$4:$N$59,12,FALSE)),"0") -> 0 | AI6: =IF(AND($C6<>"",E6<>""),(VLOOKUP($C6,'V-LOOKUP'!$C$4:$M$59,4,FALSE)),"0") -> 0 | AJ6: =IF(AND($C6<>"",$E6<>""),(VLOOKUP($C6,'V-LOOKUP'!$C$4:$M$59,5,FALSE)),"0") -> 0 | AK6: =IF(AND($C6<>"",$E6<>""),(VLOOKUP($C6,'V-LOOKUP'!$C$4:$M$59,6,FALSE)),"0") -> 0 | AL6: =IF(AND($C6<>"",$E6<>""),(VLOOKUP($C6,'V-LOOKUP'!$C$4:$M$59,7,FALSE)),"0") -> 0 | AM6: =IF(AND($C6<>"",$E6<>""),(VLOOKUP($C6,'V-LOOKUP'!$C$4:$M$59,8,FALSE)),"0") -> 0 | AN6: =IF(AND($C6<>"",$E6<>""),(VLOOKUP($C6,'V-LOOKUP'!$C$4:$M$59,9,FALSE)),"0") -> 0 | AO6: =IF(AND($C6<>"",$E6<>""),(VLOOKUP($C6,'V-LOOKUP'!$C$4:$M$59,10,FALSE)),"0") -> 0 | AP6: =IF(AND($C6<>"",$E6<>""),(VLOOKUP($C6,'V-LOOKUP'!$C$4:$M$59,11,FALSE)),"0") -> 0 | AQ6: =IF(AND($C6<>"",$E6<>""),(VLOOKUP($C6,'V-LOOKUP'!$C$4:$N$59,12,FALSE)),"0") -> 0 | AR6: =IF(AND($C6<>"",$F6<>""),(VLOOKUP($C6,'V-LOOKUP'!$C$4:$M$59,4,FALSE)),"0") -> 0 | AS6: =IF(AND($C6<>"",$F6<>""),(VLOOKUP($C6,'V-LOOKUP'!$C$4:$M$59,5,FALSE)),"0") -> 0 | AT6: =IF(AND($C6<>"",$F6<>""),(VLOOKUP($C6,'V-LOOKUP'!$C$4:$M$59,6,FALSE)),"0") -> 0 | AU6: =IF(AND($C6<>"",$F6<>""),(VLOOKUP($C6,'V-LOOKUP'!$C$4:$M$59,7,FALSE)),"0") -> 0 | AV6: =IF(AND($C6<>"",$F6<>""),(VLOOKUP($C6,'V-LOOKUP'!$C$4:$M$59,8,FALSE)),"0") -> 0 | AW6: =IF(AND($C6<>"",$F6<>""),(VLOOKUP($C6,'V-LOOKUP'!$C$4:$M$59,9,FALSE)),"0") -> 0 | AX6: =IF(AND($C6<>"",$F6<>""),(VLOOKUP($C6,'V-LOOKUP'!$C$4:$M$59,10,FALSE)),"0") -> 0 | AY6: =IF(AND($C6<>"",$F6<>""),(VLOOKUP($C6,'V-LOOKUP'!$C$4:$M$59,11,FALSE)),"0") -> 0 | AZ6: =IF(AND($C6<>"",$F6<>""),(VLOOKUP($C6,'V-LOOKUP'!$C$4:$N$59,12,FALSE)),"0") -> 0 | BA6: =IF(AND($C6<>"",G6<>""),(VLOOKUP($C6,'V-LOOKUP'!$C$4:$M$59,4,FALSE)),"0") -> 0 | BB6: =IF(AND($C6<>"",$G6<>""),(VLOOKUP($C6,'V-LOOKUP'!$C$4:$M$59,5,FALSE)),"0") -> 0 | BC6: =IF(AND($C6<>"",$G6<>""),(VLOOKUP($C6,'V-LOOKUP'!$C$4:$M$59,6,FALSE)),"0") -> 0 | BD6: =IF(AND($C6<>"",$G6<>""),(VLOOKUP($C6,'V-LOOKUP'!$C$4:$M$59,7,FALSE)),"0") -> 0 | BE6: =IF(AND($C6<>"",$G6<>""),(VLOOKUP($C6,'V-LOOKUP'!$C$4:$M$59,8,FALSE)),"0") -> 0 | BF6: =IF(AND($C6<>"",$G6<>""),(VLOOKUP($C6,'V-LOOKUP'!$C$4:$M$59,9,FALSE)),"0") -> 0 | BG6: =IF(AND($C6<>"",$G6<>""),(VLOOKUP($C6,'V-LOOKUP'!$C$4:$M$59,10,FALSE)),"0") -> 0 | BH6: =IF(AND($C6<>"",$G6<>""),(VLOOKUP($C6,'V-LOOKUP'!$C$4:$M$59,11,FALSE)),"0") -> 0 | BI6: =IF(AND($C6<>"",$G6<>""),(VLOOKUP($C6,'V-LOOKUP'!$C$4:$N$59,12,FALSE)),"0") -> 0 | BJ6: =IF(AND($C6<>"",H6<>""),(VLOOKUP($C6,'V-LOOKUP'!$C$4:$M$59,4,FALSE)),"0") -> 0 | BK6: =IF(AND($C6<>"",$G6<>""),(VLOOKUP($C6,'V-LOOKUP'!$C$4:$M$59,5,FALSE)),"0") -> 0 | BL6: =IF(AND($C6<>"",$H6<>""),(VLOOKUP($C6,'V-LOOKUP'!$C$4:$M$59,6,FALSE)),"0") -> 0 | BM6: =IF(AND($C6<>"",$H6<>""),(VLOOKUP($C6,'V-LOOKUP'!$C$4:$M$59,7,FALSE)),"0") -> 0 | BN6: =IF(AND($C6<>"",$H6<>""),(VLOOKUP($C6,'V-LOOKUP'!$C$4:$M$59,8,FALSE)),"0") -> 0 | BO6: =IF(AND($C6<>"",$H6<>""),(VLOOKUP($C6,'V-LOOKUP'!$C$4:$M$59,9,FALSE)),"0") -> 0 | BP6: =IF(AND($C6<>"",$H6<>""),(VLOOKUP($C6,'V-LOOKUP'!$C$4:$M$59,10,FALSE)),"0") -> 0 | BQ6: =IF(AND($C6<>"",$H6<>""),(VLOOKUP($C6,'V-LOOKUP'!$C$4:$M$59,11,FALSE)),"0") -> 0 | BR6: =IF(AND($C6<>"",$H6<>""),(VLOOKUP($C6,'V-LOOKUP'!$C$4:$N$59,12,FALSE)),"0") -> 0 | BS6: =IF(AND($C6<>"",I6<>""),(VLOOKUP($C6,'V-LOOKUP'!$C$4:$M$59,4,FALSE)),"0") -> 0 | BT6: =IF(AND($C6<>"",$I6<>""),(VLOOKUP($C6,'V-LOOKUP'!$C$4:$M$59,5,FALSE)),"0") -> 0 | BU6: =IF(AND($C6<>"",$I6<>""),(VLOOKUP($C6,'V-LOOKUP'!$C$4:$M$59,6,FALSE)),"0") -> 0 | BV6: =IF(AND($C6<>"",$I6<>""),(VLOOKUP($C6,'V-LOOKUP'!$C$4:$M$59,7,FALSE)),"0") -> 0 | BW6: =IF(AND($C6<>"",$I6<>""),(VLOOKUP($C6,'V-LOOKUP'!$C$4:$M$59,8,FALSE)),"0") -> 0 | BX6: =IF(AND($C6<>"",$I6<>""),(VLOOKUP($C6,'V-LOOKUP'!$C$4:$M$59,9,FALSE)),"0") -> 0 | BY6: =IF(AND($C6<>"",$I6<>""),(VLOOKUP($C6,'V-LOOKUP'!$C$4:$M$59,10,FALSE)),"0") -> 0 | BZ6: =IF(AND($C6<>"",$I6<>""),(VLOOKUP($C6,'V-LOOKUP'!$C$4:$M$59,11,FALSE)),"0") -> 0 | CA6: =IF(AND($C6<>"",$I6<>""),(VLOOKUP($C6,'V-LOOKUP'!$C$4:$N$59,12,FALSE)),"0") -> 0 | CB6: =IF(AND($C6<>"",J6<>""),(VLOOKUP($C6,'V-LOOKUP'!$C$4:$M$59,4,FALSE)),"0") -> 0 | CC6: =IF(AND($C6<>"",$J6<>""),(VLOOKUP($C6,'V-LOOKUP'!$C$4:$M$59,5,FALSE)),"0") -> 0 | CD6: =IF(AND($C6<>"",$J6<>""),(VLOOKUP($C6,'V-LOOKUP'!$C$4:$M$59,6,FALSE)),"0") -> 0 | CE6: =IF(AND($C6<>"",$J6<>""),(VLOOKUP($C6,'V-LOOKUP'!$C$4:$M$59,7,FALSE)),"0") -> 0 | CF6: =IF(AND($C6<>"",$J6<>""),(VLOOKUP($C6,'V-LOOKUP'!$C$4:$M$59,8,FALSE)),"0") -> 0 | CG6: =IF(AND($C6<>"",$J6<>""),(VLOOKUP($C6,'V-LOOKUP'!$C$4:$M$59,9,FALSE)),"0") -> 0 | CH6: =IF(AND($C6<>"",$J6<>""),(VLOOKUP($C6,'V-LOOKUP'!$C$4:$M$59,10,FALSE)),"0") -> 0 | CI6: =IF(AND($C6<>"",$J6<>""),(VLOOKUP($C6,'V-LOOKUP'!$C$4:$M$59,11,FALSE)),"0") -> 0 | CJ6: =IF(AND($C6<>"",$J6<>""),(VLOOKUP($C6,'V-LOOKUP'!$C$4:$N$59,12,FALSE)),"0") -> 0 | CK6: =IF(AND($C6<>"",K6<>""),(VLOOKUP($C6,'V-LOOKUP'!$C$4:$M$59,4,FALSE)),"0") -> 0 | CL6: =IF(AND($C6<>"",$K6<>""),(VLOOKUP($C6,'V-LOOKUP'!$C$4:$M$59,5,FALSE)),"0") -> 0 | CM6: =IF(AND($C6<>"",$K6<>""),(VLOOKUP($C6,'V-LOOKUP'!$C$4:$M$59,6,FALSE)),"0") -> 0 | CN6: =IF(AND($C6<>"",$K6<>""),(VLOOKUP($C6,'V-LOOKUP'!$C$4:$M$59,7,FALSE)),"0") -> 0 | CO6: =IF(AND($C6<>"",$K6<>""),(VLOOKUP($C6,'V-LOOKUP'!$C$4:$M$59,8,FALSE)),"0") -> 0 | CP6: =IF(AND($C6<>"",$K6<>""),(VLOOKUP($C6,'V-LOOKUP'!$C$4:$M$59,9,FALSE)),"0") -> 0 | CQ6: =IF(AND($C6<>"",$K6<>""),(VLOOKUP($C6,'V-LOOKUP'!$C$4:$M$59,10,FALSE)),"0") -> 0 | CR6: =IF(AND($C6<>"",$K6<>""),(VLOOKUP($C6,'V-LOOKUP'!$C$4:$M$59,11,FALSE)),"0") -> 0 | CS6: =IF(AND($C6<>"",$K6<>""),(VLOOKUP($C6,'V-LOOKUP'!$C$4:$N$59,12,FALSE)),"0") -> 0 | CT6: =IF(AND($C6<>"",L6<>""),(VLOOKUP($C6,'V-LOOKUP'!$C$4:$M$59,4,FALSE)),"0") -> 0 | CU6: =IF(AND($C6<>"",$L6<>""),(VLOOKUP($C6,'V-LOOKUP'!$C$4:$M$59,5,FALSE)),"0") -> 0 | CV6: =IF(AND($C6<>"",$L6<>""),(VLOOKUP($C6,'V-LOOKUP'!$C$4:$M$59,6,FALSE)),"0") -> 0 | CW6: =IF(AND($C6<>"",$L6<>""),(VLOOKUP($C6,'V-LOOKUP'!$C$4:$M$59,7,FALSE)),"0") -> 0 | CX6: =IF(AND($C6<>"",$L6<>""),(VLOOKUP($C6,'V-LOOKUP'!$C$4:$M$59,8,FALSE)),"0") -> 0 | CY6: =IF(AND($C6<>"",$L6<>""),(VLOOKUP($C6,'V-LOOKUP'!$C$4:$M$59,9,FALSE)),"0") -> 0 | CZ6: =IF(AND($C6<>"",$L6<>""),(VLOOKUP($C6,'V-LOOKUP'!$C$4:$M$59,10,FALSE)),"0") -> 0 | DA6: =IF(AND($C6<>"",$L6<>""),(VLOOKUP($C6,'V-LOOKUP'!$C$4:$M$59,11,FALSE)),"0") -> 0 | DB6: =IF(AND($C6<>"",$L6<>""),(VLOOKUP($C6,'V-LOOKUP'!$C$4:$N$59,12,FALSE)),"0") -> 0 | DC6: =IF(AND($C6<>"",M6<>""),(VLOOKUP($C6,'V-LOOKUP'!$C$4:$M$59,4,FALSE)),"0") -> 0 | DD6: =IF(AND($C6<>"",$M6<>""),(VLOOKUP($C6,'V-LOOKUP'!$C$4:$M$59,5,FALSE)),"0") -> 0 | DE6: =IF(AND($C6<>"",$M6<>""),(VLOOKUP($C6,'V-LOOKUP'!$C$4:$M$59,6,FALSE)),"0") -> 0 | DF6: =IF(AND($C6<>"",$M6<>""),(VLOOKUP($C6,'V-LOOKUP'!$C$4:$M$59,7,FALSE)),"0") -> 0 | DG6: =IF(AND($C6<>"",$M6<>""),(VLOOKUP($C6,'V-LOOKUP'!$C$4:$M$59,8,FALSE)),"0") -> 0 | DH6: =IF(AND($C6<>"",$M6<>""),(VLOOKUP($C6,'V-LOOKUP'!$C$4:$M$59,9,FALSE)),"0") -> 0 | DI6: =IF(AND($C6<>"",$M6<>""),(VLOOKUP($C6,'V-LOOKUP'!$C$4:$M$59,10,FALSE)),"0") -> 0 | DJ6: =IF(AND($C6<>"",$M6<>""),(VLOOKUP($C6,'V-LOOKUP'!$C$4:$M$59,11,FALSE)),"0") -> 0 | DK6: =IF(AND($C6<>"",$M6<>""),(VLOOKUP($C6,'V-LOOKUP'!$C$4:$N$59,12,FALSE)),"0") -> 0 | DL6: =IF(AND($C6<>"",$N6<>""),(VLOOKUP($C6,'V-LOOKUP'!$C$4:$M$59,4,FALSE)),"0") -> 0 | DM6: =IF(AND($C6<>"",$N6<>""),(VLOOKUP($C6,'V-LOOKUP'!$C$4:$M$59,5,FALSE)),"0") -> 0 | DN6: =IF(AND($C6<>"",$N6<>""),(VLOOKUP($C6,'V-LOOKUP'!$C$4:$M$59,6,FALSE)),"0") -> 0 | DO6: =IF(AND($C6<>"",$N6<>""),(VLOOKUP($C6,'V-LOOKUP'!$C$4:$M$59,7,FALSE)),"0") -> 0 | DP6: =IF(AND($C6<>"",$N6<>""),(VLOOKUP($C6,'V-LOOKUP'!$C$4:$M$59,8,FALSE)),"0") -> 0 | DQ6: =IF(AND($C6<>"",$N6<>""),(VLOOKUP($C6,'V-LOOKUP'!$C$4:$M$59,9,FALSE)),"0") -> 0 | DR6: =IF(AND($C6<>"",$N6<>""),(VLOOKUP($C6,'V-LOOKUP'!$C$4:$M$59,10,FALSE)),"0") -> 0 | DS6: =IF(AND($C6<>"",$N6<>""),(VLOOKUP($C6,'V-LOOKUP'!$C$4:$M$59,11,FALSE)),"0") -> 0 | DT6: =IF(AND($C6<>"",$N6<>""),(VLOOKUP($C6,'V-LOOKUP'!$C$4:$N$59,12,FALSE)),"0") -> 0 | DU6: =IF(AND($C6<>"",O6<>""),(VLOOKUP($C6,'V-LOOKUP'!$C$4:$M$59,4,FALSE)),"0") -> 0 | DV6: =IF(AND($C6<>"",$O6<>""),(VLOOKUP($C6,'V-LOOKUP'!$C$4:$M$59,5,FALSE)),"0") -> 0 | DW6: =IF(AND($C6<>"",$O6<>""),(VLOOKUP($C6,'V-LOOKUP'!$C$4:$M$59,6,FALSE)),"0") -> 0 | DX6: =IF(AND($C6<>"",$O6<>""),(VLOOKUP($C6,'V-LOOKUP'!$C$4:$M$59,7,FALSE)),"0") -> 0 | DY6: =IF(AND($C6<>"",$O6<>""),(VLOOKUP($C6,'V-LOOKUP'!$C$4:$M$59,8,FALSE)),"0") -> 0 | DZ6: =IF(AND($C6<>"",$O6<>""),(VLOOKUP($C6,'V-LOOKUP'!$C$4:$M$59,9,FALSE)),"0") -> 0 | EA6: =IF(AND($C6<>"",$O6<>""),(VLOOKUP($C6,'V-LOOKUP'!$C$4:$M$59,10,FALSE)),"0") -> 0 | EB6: =IF(AND($C6<>"",$O6<>""),(VLOOKUP($C6,'V-LOOKUP'!$C$4:$M$59,11,FALSE)),"0") -> 0 | EC6: =IF(AND($C6<>"",$O6<>""),(VLOOKUP($C6,'V-LOOKUP'!$C$4:$N$59,12,FALSE)),"0") -> 0 | ED6: =IF(AND($C6<>"",P6<>""),(VLOOKUP($C6,'V-LOOKUP'!$C$4:$M$59,4,FALSE)),"0") -> 0 | EE6: =IF(AND($C6<>"",$P6<>""),(VLOOKUP($C6,'V-LOOKUP'!$C$4:$M$59,5,FALSE)),"0") -> 0 | EF6: =IF(AND($C6<>"",$P6<>""),(VLOOKUP($C6,'V-LOOKUP'!$C$4:$M$59,6,FALSE)),"0") -> 0 | EG6: =IF(AND($C6<>"",$P6<>""),(VLOOKUP($C6,'V-LOOKUP'!$C$4:$M$59,7,FALSE)),"0") -> 0 | EH6: =IF(AND($C6<>"",$P6<>""),(VLOOKUP($C6,'V-LOOKUP'!$C$4:$M$59,8,FALSE)),"0") -> 0 | EI6: =IF(AND($C6<>"",$P6<>""),(VLOOKUP($C6,'V-LOOKUP'!$C$4:$M$59,9,FALSE)),"0") -> 0 | EJ6: =IF(AND($C6<>"",$P6<>""),(VLOOKUP($C6,'V-LOOKUP'!$C$4:$M$59,10,FALSE)),"0") -> 0 | EK6: =IF(AND($C6<>"",$P6<>""),(VLOOKUP($C6,'V-LOOKUP'!$C$4:$M$59,11,FALSE)),"0") -> 0 | EL6: =IF(AND($C6<>"",$P6<>""),(VLOOKUP($C6,'V-LOOKUP'!$C$4:$N$59,12,FALSE)),"0") -> 0 | EM6: =IF(AND($C6<>"",Q6<>""),(VLOOKUP($C6,'V-LOOKUP'!$C$4:$M$59,4,FALSE)),"0") -> 0 | EN6: =IF(AND($C6<>"",$Q6<>""),(VLOOKUP($C6,'V-LOOKUP'!$C$4:$M$59,5,FALSE)),"0") -> 0 | EO6: =IF(AND($C6<>"",$Q6<>""),(VLOOKUP($C6,'V-LOOKUP'!$C$4:$M$59,6,FALSE)),"0") -> 0 | EP6: =IF(AND($C6<>"",$Q6<>""),(VLOOKUP($C6,'V-LOOKUP'!$C$4:$M$59,7,FALSE)),"0") -> 0 | EQ6: =IF(AND($C6<>"",$Q6<>""),(VLOOKUP($C6,'V-LOOKUP'!$C$4:$M$59,8,FALSE)),"0") -> 0 | ER6: =IF(AND($C6<>"",$Q6<>""),(VLOOKUP($C6,'V-LOOKUP'!$C$4:$M$59,9,FALSE)),"0") -> 0 | ES6: =IF(AND($C6<>"",$Q6<>""),(VLOOKUP($C6,'V-LOOKUP'!$C$4:$M$59,10,FALSE)),"0") -> 0 | ET6: =IF(AND($C6<>"",$Q6<>""),(VLOOKUP($C6,'V-LOOKUP'!$C$4:$M$59,11,FALSE)),"0") -> 0 | EU6: =IF(AND($C6<>"",$Q6<>""),(VLOOKUP($C6,'V-LOOKUP'!$C$4:$N$59,12,FALSE)),"0") -> 0 | EV6: =IF(AND($C6<>"",R6<>""),(VLOOKUP($C6,'V-LOOKUP'!$C$4:$M$59,4,FALSE)),"0") -> 0 | EW6: =IF(AND($C6<>"",$R6<>""),(VLOOKUP($C6,'V-LOOKUP'!$C$4:$M$59,5,FALSE)),"0") -> 0 | EX6: =IF(AND($C6<>"",$R6<>""),(VLOOKUP($C6,'V-LOOKUP'!$C$4:$M$59,6,FALSE)),"0") -> 0 | EY6: =IF(AND($C6<>"",$R6<>""),(VLOOKUP($C6,'V-LOOKUP'!$C$4:$M$59,7,FALSE)),"0") -> 0 | EZ6: =IF(AND($C6<>"",$R6<>""),(VLOOKUP($C6,'V-LOOKUP'!$C$4:$M$59,8,FALSE)),"0") -> 0 | FA6: =IF(AND($C6<>"",$R6<>""),(VLOOKUP($C6,'V-LOOKUP'!$C$4:$M$59,9,FALSE)),"0") -> 0 | FB6: =IF(AND($C6<>"",$R6<>""),(VLOOKUP($C6,'V-LOOKUP'!$C$4:$M$59,10,FALSE)),"0") -> 0 | FC6: =IF(AND($C6<>"",$R6<>""),(VLOOKUP($C6,'V-LOOKUP'!$C$4:$M$59,11,FALSE)),"0") -> 0 | FD6: =IF(AND($C6<>"",$R6<>""),(VLOOKUP($C6,'V-LOOKUP'!$C$4:$N$59,12,FALSE)),"0") -> 0 | FE6: =IF(AND($C6<>"",S6<>""),(VLOOKUP($C6,'V-LOOKUP'!$C$4:$M$59,4,FALSE)),"0") -> 0 | FF6: =IF(AND($C6<>"",$S6<>""),(VLOOKUP($C6,'V-LOOKUP'!$C$4:$M$59,5,FALSE)),"0") -> 0 | FG6: =IF(AND($C6<>"",$S6<>""),(VLOOKUP($C6,'V-LOOKUP'!$C$4:$M$59,6,FALSE)),"0") -> 0 | FH6: =IF(AND($C6<>"",$S6<>""),(VLOOKUP($C6,'V-LOOKUP'!$C$4:$M$59,7,FALSE)),"0") -> 0 | FI6: =IF(AND($C6<>"",$S6<>""),(VLOOKUP($C6,'V-LOOKUP'!$C$4:$M$59,8,FALSE)),"0") -> 0 | FJ6: =IF(AND($C6<>"",$S6<>""),(VLOOKUP($C6,'V-LOOKUP'!$C$4:$M$59,9,FALSE)),"0") -> 0 | FK6: =IF(AND($C6<>"",$S6<>""),(VLOOKUP($C6,'V-LOOKUP'!$C$4:$M$59,10,FALSE)),"0") -> 0 | FL6: =IF(AND($C6<>"",$S6<>""),(VLOOKUP($C6,'V-LOOKUP'!$C$4:$M$59,11,FALSE)),"0") -> 0 | FM6: =IF(AND($C6<>"",$S6<>""),(VLOOKUP($C6,'V-LOOKUP'!$C$4:$N$59,12,FALSE)),"0") -> 0 | FN6: =IF(AND($C6<>"",T6<>""),(VLOOKUP($C6,'V-LOOKUP'!$C$4:$M$59,4,FALSE)),"0") -> 0 | FO6: =IF(AND($C6<>"",$T6<>""),(VLOOKUP($C6,'V-LOOKUP'!$C$4:$M$59,5,FALSE)),"0") -> 0 | FP6: =IF(AND($C6<>"",$T6<>""),(VLOOKUP($C6,'V-LOOKUP'!$C$4:$M$59,6,FALSE)),"0") -> 0 | FQ6: =IF(AND($C6<>"",$T6<>""),(VLOOKUP($C6,'V-LOOKUP'!$C$4:$M$59,7,FALSE)),"0") -> 0 | FR6: =IF(AND($C6<>"",$T6<>""),(VLOOKUP($C6,'V-LOOKUP'!$C$4:$M$59,8,FALSE)),"0") -> 0 | FS6: =IF(AND($C6<>"",$T6<>""),(VLOOKUP($C6,'V-LOOKUP'!$C$4:$M$59,9,FALSE)),"0") -> 0 | FT6: =IF(AND($C6<>"",$T6<>""),(VLOOKUP($C6,'V-LOOKUP'!$C$4:$M$59,10,FALSE)),"0") -> 0 | FU6: =IF(AND($C6<>"",$T6<>""),(VLOOKUP($C6,'V-LOOKUP'!$C$4:$M$59,11,FALSE)),"0") -> 0 | FV6: =IF(AND($C6<>"",$T6<>""),(VLOOKUP($C6,'V-LOOKUP'!$C$4:$N$59,12,FALSE)),"0") -> 0 | FW6: =IF(AND($C6<>"",U6<>""),(VLOOKUP($C6,'V-LOOKUP'!$C$4:$M$59,4,FALSE)),"0") -> 0 | FX6: =IF(AND($C6<>"",$U6<>""),(VLOOKUP($C6,'V-LOOKUP'!$C$4:$M$59,5,FALSE)),"0") -> 0 | FY6: =IF(AND($C6<>"",$U6<>""),(VLOOKUP($C6,'V-LOOKUP'!$C$4:$M$59,6,FALSE)),"0") -> 0 | FZ6: =IF(AND($C6<>"",$U6<>""),(VLOOKUP($C6,'V-LOOKUP'!$C$4:$M$59,7,FALSE)),"0") -> 0 | GA6: =IF(AND($C6<>"",$U6<>""),(VLOOKUP($C6,'V-LOOKUP'!$C$4:$M$59,8,FALSE)),"0") -> 0 | GB6: =IF(AND($C6<>"",$U6<>""),(VLOOKUP($C6,'V-LOOKUP'!$C$4:$M$59,9,FALSE)),"0") -> 0 | GC6: =IF(AND($C6<>"",$U6<>""),(VLOOKUP($C6,'V-LOOKUP'!$C$4:$M$59,10,FALSE)),"0") -> 0 | GD6: =IF(AND($C6<>"",$U6<>""),(VLOOKUP($C6,'V-LOOKUP'!$C$4:$M$59,11,FALSE)),"0") -> 0 | GE6: =IF(AND($C6<>"",$U6<>""),(VLOOKUP($C6,'V-LOOKUP'!$C$4:$N$59,12,FALSE)),"0") -> 0 | GF6: =IF(AND($C6<>"",V6<>""),(VLOOKUP($C6,'V-LOOKUP'!$C$4:$M$59,4,FALSE)),"0") -> 0 | GG6: =IF(AND($C6<>"",$V6<>""),(VLOOKUP($C6,'V-LOOKUP'!$C$4:$M$59,5,FALSE)),"0") -> 0 | GH6: =IF(AND($C6<>"",$V6<>""),(VLOOKUP($C6,'V-LOOKUP'!$C$4:$M$59,6,FALSE)),"0") -> 0 | GI6: =IF(AND($C6<>"",$V6<>""),(VLOOKUP($C6,'V-LOOKUP'!$C$4:$M$59,7,FALSE)),"0") -> 0 | GJ6: =IF(AND($C6<>"",$V6<>""),(VLOOKUP($C6,'V-LOOKUP'!$C$4:$M$59,8,FALSE)),"0") -> 0 | GK6: =IF(AND($C6<>"",$V6<>""),(VLOOKUP($C6,'V-LOOKUP'!$C$4:$M$59,9,FALSE)),"0") -> 0 | GL6: =IF(AND($C6<>"",$V6<>""),(VLOOKUP($C6,'V-LOOKUP'!$C$4:$M$59,10,FALSE)),"0") -> 0 | GM6: =IF(AND($C6<>"",$V6<>""),(VLOOKUP($C6,'V-LOOKUP'!$C$4:$M$59,11,FALSE)),"0") -> 0 | GN6: =IF(AND($C6<>"",$V6<>""),(VLOOKUP($C6,'V-LOOKUP'!$C$4:$N$59,12,FALSE)),"0") -> 0 | GO6: =IF(AND($C6<>"",W6<>""),(VLOOKUP($C6,'V-LOOKUP'!$C$4:$M$59,4,FALSE)),"0") -> 0 | GP6: =IF(AND($C6<>"",$W6<>""),(VLOOKUP($C6,'V-LOOKUP'!$C$4:$M$59,5,FALSE)),"0") -> 0 | GQ6: =IF(AND($C6<>"",$W6<>""),(VLOOKUP($C6,'V-LOOKUP'!$C$4:$M$59,6,FALSE)),"0") -> 0 | GR6: =IF(AND($C6<>"",$W6<>""),(VLOOKUP($C6,'V-LOOKUP'!$C$4:$M$59,7,FALSE)),"0") -> 0 | GS6: =IF(AND($C6<>"",$W6<>""),(VLOOKUP($C6,'V-LOOKUP'!$C$4:$M$59,8,FALSE)),"0") -> 0 | GT6: =IF(AND($C6<>"",$W6<>""),(VLOOKUP($C6,'V-LOOKUP'!$C$4:$M$59,9,FALSE)),"0") -> 0 | GU6: =IF(AND($C6<>"",$W6<>""),(VLOOKUP($C6,'V-LOOKUP'!$C$4:$M$59,10,FALSE)),"0") -> 0 | GV6: =IF(AND($C6<>"",$W6<>""),(VLOOKUP($C6,'V-LOOKUP'!$C$4:$M$59,11,FALSE)),"0") -> 0 | GW6: =IF(AND($C6<>"",$W6<>""),(VLOOKUP($C6,'V-LOOKUP'!$C$4:$N$59,12,FALSE)),"0") -> 0
Z7: =IF(AND($C7<>"",$D7<>""),(VLOOKUP($C7,'V-LOOKUP'!$C$4:$M$59,4,FALSE)),"0") -> 0 | AA7: =IF(AND($C7<>"",$D7<>""),(VLOOKUP($C7,'V-LOOKUP'!$C$4:$M$59,5,FALSE)),"0") -> 0 | AB7: =IF(AND($C7<>"",$D7<>""),(VLOOKUP($C7,'V-LOOKUP'!$C$4:$M$59,6,FALSE)),"0") -> 0 | AC7: =IF(AND($C7<>"",$D7<>""),(VLOOKUP($C7,'V-LOOKUP'!$C$4:$M$59,7,FALSE)),"0") -> 0 | AD7: =IF(AND($C7<>"",$D7<>""),(VLOOKUP($C7,'V-LOOKUP'!$C$4:$M$59,8,FALSE)),"0") -> 0 | AE7: =IF(AND($C7<>"",$D7<>""),(VLOOKUP($C7,'V-LOOKUP'!$C$4:$M$59,9,FALSE)),"0") -> 0 | AF7: =IF(AND($C7<>"",$D7<>""),(VLOOKUP($C7,'V-LOOKUP'!$C$4:$M$59,10,FALSE)),"0") -> 0 | AG7: =IF(AND($C7<>"",$D7<>""),(VLOOKUP($C7,'V-LOOKUP'!$C$4:$M$59,11,FALSE)),"0") -> 0 | AH7: =IF(AND($C7<>"",$D7<>""),(VLOOKUP($C7,'V-LOOKUP'!$C$4:$N$59,12,FALSE)),"0") -> 0 | AI7: =IF(AND($C7<>"",E7<>""),(VLOOKUP($C7,'V-LOOKUP'!$C$4:$M$59,4,FALSE)),"0") -> 0 | AJ7: =IF(AND($C7<>"",$E7<>""),(VLOOKUP($C7,'V-LOOKUP'!$C$4:$M$59,5,FALSE)),"0") -> 0 | AK7: =IF(AND($C7<>"",$E7<>""),(VLOOKUP($C7,'V-LOOKUP'!$C$4:$M$59,6,FALSE)),"0") -> 0 | AL7: =IF(AND($C7<>"",$E7<>""),(VLOOKUP($C7,'V-LOOKUP'!$C$4:$M$59,7,FALSE)),"0") -> 0 | AM7: =IF(AND($C7<>"",$E7<>""),(VLOOKUP($C7,'V-LOOKUP'!$C$4:$M$59,8,FALSE)),"0") -> 0 | AN7: =IF(AND($C7<>"",$E7<>""),(VLOOKUP($C7,'V-LOOKUP'!$C$4:$M$59,9,FALSE)),"0") -> 0 | AO7: =IF(AND($C7<>"",$E7<>""),(VLOOKUP($C7,'V-LOOKUP'!$C$4:$M$59,10,FALSE)),"0") -> 0 | AP7: =IF(AND($C7<>"",$E7<>""),(VLOOKUP($C7,'V-LOOKUP'!$C$4:$M$59,11,FALSE)),"0") -> 0 | AQ7: =IF(AND($C7<>"",$E7<>""),(VLOOKUP($C7,'V-LOOKUP'!$C$4:$N$59,12,FALSE)),"0") -> 0 | AR7: =IF(AND($C7<>"",$F7<>""),(VLOOKUP($C7,'V-LOOKUP'!$C$4:$M$59,4,FALSE)),"0") -> 0 | AS7: =IF(AND($C7<>"",$F7<>""),(VLOOKUP($C7,'V-LOOKUP'!$C$4:$M$59,5,FALSE)),"0") -> 0 | AT7: =IF(AND($C7<>"",$F7<>""),(VLOOKUP($C7,'V-LOOKUP'!$C$4:$M$59,6,FALSE)),"0") -> 0 | AU7: =IF(AND($C7<>"",$F7<>""),(VLOOKUP($C7,'V-LOOKUP'!$C$4:$M$59,7,FALSE)),"0") -> 0 | AV7: =IF(AND($C7<>"",$F7<>""),(VLOOKUP($C7,'V-LOOKUP'!$C$4:$M$59,8,FALSE)),"0") -> 0 | AW7: =IF(AND($C7<>"",$F7<>""),(VLOOKUP($C7,'V-LOOKUP'!$C$4:$M$59,9,FALSE)),"0") -> 0 | AX7: =IF(AND($C7<>"",$F7<>""),(VLOOKUP($C7,'V-LOOKUP'!$C$4:$M$59,10,FALSE)),"0") -> 0 | AY7: =IF(AND($C7<>"",$F7<>""),(VLOOKUP($C7,'V-LOOKUP'!$C$4:$M$59,11,FALSE)),"0") -> 0 | AZ7: =IF(AND($C7<>"",$F7<>""),(VLOOKUP($C7,'V-LOOKUP'!$C$4:$N$59,12,FALSE)),"0") -> 0 | BA7: =IF(AND($C7<>"",G7<>""),(VLOOKUP($C7,'V-LOOKUP'!$C$4:$M$59,4,FALSE)),"0") -> 0 | BB7: =IF(AND($C7<>"",$G7<>""),(VLOOKUP($C7,'V-LOOKUP'!$C$4:$M$59,5,FALSE)),"0") -> 0 | BC7: =IF(AND($C7<>"",$G7<>""),(VLOOKUP($C7,'V-LOOKUP'!$C$4:$M$59,6,FALSE)),"0") -> 0 | BD7: =IF(AND($C7<>"",$G7<>""),(VLOOKUP($C7,'V-LOOKUP'!$C$4:$M$59,7,FALSE)),"0") -> 0 | BE7: =IF(AND($C7<>"",$G7<>""),(VLOOKUP($C7,'V-LOOKUP'!$C$4:$M$59,8,FALSE)),"0") -> 0 | BF7: =IF(AND($C7<>"",$G7<>""),(VLOOKUP($C7,'V-LOOKUP'!$C$4:$M$59,9,FALSE)),"0") -> 0 | BG7: =IF(AND($C7<>"",$G7<>""),(VLOOKUP($C7,'V-LOOKUP'!$C$4:$M$59,10,FALSE)),"0") -> 0 | BH7: =IF(AND($C7<>"",$G7<>""),(VLOOKUP($C7,'V-LOOKUP'!$C$4:$M$59,11,FALSE)),"0") -> 0 | BI7: =IF(AND($C7<>"",$G7<>""),(VLOOKUP($C7,'V-LOOKUP'!$C$4:$N$59,12,FALSE)),"0") -> 0 | BJ7: =IF(AND($C7<>"",H7<>""),(VLOOKUP($C7,'V-LOOKUP'!$C$4:$M$59,4,FALSE)),"0") -> 0 | BK7: =IF(AND($C7<>"",$G7<>""),(VLOOKUP($C7,'V-LOOKUP'!$C$4:$M$59,5,FALSE)),"0") -> 0 | BL7: =IF(AND($C7<>"",$H7<>""),(VLOOKUP($C7,'V-LOOKUP'!$C$4:$M$59,6,FALSE)),"0") -> 0 | BM7: =IF(AND($C7<>"",$H7<>""),(VLOOKUP($C7,'V-LOOKUP'!$C$4:$M$59,7,FALSE)),"0") -> 0 | BN7: =IF(AND($C7<>"",$H7<>""),(VLOOKUP($C7,'V-LOOKUP'!$C$4:$M$59,8,FALSE)),"0") -> 0 | BO7: =IF(AND($C7<>"",$H7<>""),(VLOOKUP($C7,'V-LOOKUP'!$C$4:$M$59,9,FALSE)),"0") -> 0 | BP7: =IF(AND($C7<>"",$H7<>""),(VLOOKUP($C7,'V-LOOKUP'!$C$4:$M$59,10,FALSE)),"0") -> 0 | BQ7: =IF(AND($C7<>"",$H7<>""),(VLOOKUP($C7,'V-LOOKUP'!$C$4:$M$59,11,FALSE)),"0") -> 0 | BR7: =IF(AND($C7<>"",$H7<>""),(VLOOKUP($C7,'V-LOOKUP'!$C$4:$N$59,12,FALSE)),"0") -> 0 | BS7: =IF(AND($C7<>"",I7<>""),(VLOOKUP($C7,'V-LOOKUP'!$C$4:$M$59,4,FALSE)),"0") -> 0 | BT7: =IF(AND($C7<>"",$I7<>""),(VLOOKUP($C7,'V-LOOKUP'!$C$4:$M$59,5,FALSE)),"0") -> 0 | BU7: =IF(AND($C7<>"",$I7<>""),(VLOOKUP($C7,'V-LOOKUP'!$C$4:$M$59,6,FALSE)),"0") -> 0 | BV7: =IF(AND($C7<>"",$I7<>""),(VLOOKUP($C7,'V-LOOKUP'!$C$4:$M$59,7,FALSE)),"0") -> 0 | BW7: =IF(AND($C7<>"",$I7<>""),(VLOOKUP($C7,'V-LOOKUP'!$C$4:$M$59,8,FALSE)),"0") -> 0 | BX7: =IF(AND($C7<>"",$I7<>""),(VLOOKUP($C7,'V-LOOKUP'!$C$4:$M$59,9,FALSE)),"0") -> 0 | BY7: =IF(AND($C7<>"",$I7<>""),(VLOOKUP($C7,'V-LOOKUP'!$C$4:$M$59,10,FALSE)),"0") -> 0 | BZ7: =IF(AND($C7<>"",$I7<>""),(VLOOKUP($C7,'V-LOOKUP'!$C$4:$M$59,11,FALSE)),"0") -> 0 | CA7: =IF(AND($C7<>"",$I7<>""),(VLOOKUP($C7,'V-LOOKUP'!$C$4:$N$59,12,FALSE)),"0") -> 0 | CB7: =IF(AND($C7<>"",J7<>""),(VLOOKUP($C7,'V-LOOKUP'!$C$4:$M$59,4,FALSE)),"0") -> 0 | CC7: =IF(AND($C7<>"",$J7<>""),(VLOOKUP($C7,'V-LOOKUP'!$C$4:$M$59,5,FALSE)),"0") -> 0 | CD7: =IF(AND($C7<>"",$J7<>""),(VLOOKUP($C7,'V-LOOKUP'!$C$4:$M$59,6,FALSE)),"0") -> 0 | CE7: =IF(AND($C7<>"",$J7<>""),(VLOOKUP($C7,'V-LOOKUP'!$C$4:$M$59,7,FALSE)),"0") -> 0 | CF7: =IF(AND($C7<>"",$J7<>""),(VLOOKUP($C7,'V-LOOKUP'!$C$4:$M$59,8,FALSE)),"0") -> 0 | CG7: =IF(AND($C7<>"",$J7<>""),(VLOOKUP($C7,'V-LOOKUP'!$C$4:$M$59,9,FALSE)),"0") -> 0 | CH7: =IF(AND($C7<>"",$J7<>""),(VLOOKUP($C7,'V-LOOKUP'!$C$4:$M$59,10,FALSE)),"0") -> 0 | CI7: =IF(AND($C7<>"",$J7<>""),(VLOOKUP($C7,'V-LOOKUP'!$C$4:$M$59,11,FALSE)),"0") -> 0 | CJ7: =IF(AND($C7<>"",$J7<>""),(VLOOKUP($C7,'V-LOOKUP'!$C$4:$N$59,12,FALSE)),"0") -> 0 | CK7: =IF(AND($C7<>"",K7<>""),(VLOOKUP($C7,'V-LOOKUP'!$C$4:$M$59,4,FALSE)),"0") -> 0 | CL7: =IF(AND($C7<>"",$K7<>""),(VLOOKUP($C7,'V-LOOKUP'!$C$4:$M$59,5,FALSE)),"0") -> 0 | CM7: =IF(AND($C7<>"",$K7<>""),(VLOOKUP($C7,'V-LOOKUP'!$C$4:$M$59,6,FALSE)),"0") -> 0 | CN7: =IF(AND($C7<>"",$K7<>""),(VLOOKUP($C7,'V-LOOKUP'!$C$4:$M$59,7,FALSE)),"0") -> 0 | CO7: =IF(AND($C7<>"",$K7<>""),(VLOOKUP($C7,'V-LOOKUP'!$C$4:$M$59,8,FALSE)),"0") -> 0 | CP7: =IF(AND($C7<>"",$K7<>""),(VLOOKUP($C7,'V-LOOKUP'!$C$4:$M$59,9,FALSE)),"0") -> 0 | CQ7: =IF(AND($C7<>"",$K7<>""),(VLOOKUP($C7,'V-LOOKUP'!$C$4:$M$59,10,FALSE)),"0") -> 0 | CR7: =IF(AND($C7<>"",$K7<>""),(VLOOKUP($C7,'V-LOOKUP'!$C$4:$M$59,11,FALSE)),"0") -> 0 | CS7: =IF(AND($C7<>"",$K7<>""),(VLOOKUP($C7,'V-LOOKUP'!$C$4:$N$59,12,FALSE)),"0") -> 0 | CT7: =IF(AND($C7<>"",L7<>""),(VLOOKUP($C7,'V-LOOKUP'!$C$4:$M$59,4,FALSE)),"0") -> 0 | CU7: =IF(AND($C7<>"",$L7<>""),(VLOOKUP($C7,'V-LOOKUP'!$C$4:$M$59,5,FALSE)),"0") -> 0 | CV7: =IF(AND($C7<>"",$L7<>""),(VLOOKUP($C7,'V-LOOKUP'!$C$4:$M$59,6,FALSE)),"0") -> 0 | CW7: =IF(AND($C7<>"",$L7<>""),(VLOOKUP($C7,'V-LOOKUP'!$C$4:$M$59,7,FALSE)),"0") -> 0 | CX7: =IF(AND($C7<>"",$L7<>""),(VLOOKUP($C7,'V-LOOKUP'!$C$4:$M$59,8,FALSE)),"0") -> 0 | CY7: =IF(AND($C7<>"",$L7<>""),(VLOOKUP($C7,'V-LOOKUP'!$C$4:$M$59,9,FALSE)),"0") -> 0 | CZ7: =IF(AND($C7<>"",$L7<>""),(VLOOKUP($C7,'V-LOOKUP'!$C$4:$M$59,10,FALSE)),"0") -> 0 | DA7: =IF(AND($C7<>"",$L7<>""),(VLOOKUP($C7,'V-LOOKUP'!$C$4:$M$59,11,FALSE)),"0") -> 0 | DB7: =IF(AND($C7<>"",$L7<>""),(VLOOKUP($C7,'V-LOOKUP'!$C$4:$N$59,12,FALSE)),"0") -> 0 | DC7: =IF(AND($C7<>"",M7<>""),(VLOOKUP($C7,'V-LOOKUP'!$C$4:$M$59,4,FALSE)),"0") -> 0 | DD7: =IF(AND($C7<>"",$M7<>""),(VLOOKUP($C7,'V-LOOKUP'!$C$4:$M$59,5,FALSE)),"0") -> 0 | DE7: =IF(AND($C7<>"",$M7<>""),(VLOOKUP($C7,'V-LOOKUP'!$C$4:$M$59,6,FALSE)),"0") -> 0 | DF7: =IF(AND($C7<>"",$M7<>""),(VLOOKUP($C7,'V-LOOKUP'!$C$4:$M$59,7,FALSE)),"0") -> 0 | DG7: =IF(AND($C7<>"",$M7<>""),(VLOOKUP($C7,'V-LOOKUP'!$C$4:$M$59,8,FALSE)),"0") -> 0 | DH7: =IF(AND($C7<>"",$M7<>""),(VLOOKUP($C7,'V-LOOKUP'!$C$4:$M$59,9,FALSE)),"0") -> 0 | DI7: =IF(AND($C7<>"",$M7<>""),(VLOOKUP($C7,'V-LOOKUP'!$C$4:$M$59,10,FALSE)),"0") -> 0 | DJ7: =IF(AND($C7<>"",$M7<>""),(VLOOKUP($C7,'V-LOOKUP'!$C$4:$M$59,11,FALSE)),"0") -> 0 | DK7: =IF(AND($C7<>"",$M7<>""),(VLOOKUP($C7,'V-LOOKUP'!$C$4:$N$59,12,FALSE)),"0") -> 0 | DL7: =IF(AND($C7<>"",$N7<>""),(VLOOKUP($C7,'V-LOOKUP'!$C$4:$M$59,4,FALSE)),"0") -> 0 | DM7: =IF(AND($C7<>"",$N7<>""),(VLOOKUP($C7,'V-LOOKUP'!$C$4:$M$59,5,FALSE)),"0") -> 0 | DN7: =IF(AND($C7<>"",$N7<>""),(VLOOKUP($C7,'V-LOOKUP'!$C$4:$M$59,6,FALSE)),"0") -> 0 | DO7: =IF(AND($C7<>"",$N7<>""),(VLOOKUP($C7,'V-LOOKUP'!$C$4:$M$59,7,FALSE)),"0") -> 0 | DP7: =IF(AND($C7<>"",$N7<>""),(VLOOKUP($C7,'V-LOOKUP'!$C$4:$M$59,8,FALSE)),"0") -> 0 | DQ7: =IF(AND($C7<>"",$N7<>""),(VLOOKUP($C7,'V-LOOKUP'!$C$4:$M$59,9,FALSE)),"0") -> 0 | DR7: =IF(AND($C7<>"",$N7<>""),(VLOOKUP($C7,'V-LOOKUP'!$C$4:$M$59,10,FALSE)),"0") -> 0 | DS7: =IF(AND($C7<>"",$N7<>""),(VLOOKUP($C7,'V-LOOKUP'!$C$4:$M$59,11,FALSE)),"0") -> 0 | DT7: =IF(AND($C7<>"",$N7<>""),(VLOOKUP($C7,'V-LOOKUP'!$C$4:$N$59,12,FALSE)),"0") -> 0 | DU7: =IF(AND($C7<>"",O7<>""),(VLOOKUP($C7,'V-LOOKUP'!$C$4:$M$59,4,FALSE)),"0") -> 0 | DV7: =IF(AND($C7<>"",$O7<>""),(VLOOKUP($C7,'V-LOOKUP'!$C$4:$M$59,5,FALSE)),"0") -> 0 | DW7: =IF(AND($C7<>"",$O7<>""),(VLOOKUP($C7,'V-LOOKUP'!$C$4:$M$59,6,FALSE)),"0") -> 0 | DX7: =IF(AND($C7<>"",$O7<>""),(VLOOKUP($C7,'V-LOOKUP'!$C$4:$M$59,7,FALSE)),"0") -> 0 | DY7: =IF(AND($C7<>"",$O7<>""),(VLOOKUP($C7,'V-LOOKUP'!$C$4:$M$59,8,FALSE)),"0") -> 0 | DZ7: =IF(AND($C7<>"",$O7<>""),(VLOOKUP($C7,'V-LOOKUP'!$C$4:$M$59,9,FALSE)),"0") -> 0 | EA7: =IF(AND($C7<>"",$O7<>""),(VLOOKUP($C7,'V-LOOKUP'!$C$4:$M$59,10,FALSE)),"0") -> 0 | EB7: =IF(AND($C7<>"",$O7<>""),(VLOOKUP($C7,'V-LOOKUP'!$C$4:$M$59,11,FALSE)),"0") -> 0 | EC7: =IF(AND($C7<>"",$O7<>""),(VLOOKUP($C7,'V-LOOKUP'!$C$4:$N$59,12,FALSE)),"0") -> 0 | ED7: =IF(AND($C7<>"",P7<>""),(VLOOKUP($C7,'V-LOOKUP'!$C$4:$M$59,4,FALSE)),"0") -> 0 | EE7: =IF(AND($C7<>"",$P7<>""),(VLOOKUP($C7,'V-LOOKUP'!$C$4:$M$59,5,FALSE)),"0") -> 0 | EF7: =IF(AND($C7<>"",$P7<>""),(VLOOKUP($C7,'V-LOOKUP'!$C$4:$M$59,6,FALSE)),"0") -> 0 | EG7: =IF(AND($C7<>"",$P7<>""),(VLOOKUP($C7,'V-LOOKUP'!$C$4:$M$59,7,FALSE)),"0") -> 0 | EH7: =IF(AND($C7<>"",$P7<>""),(VLOOKUP($C7,'V-LOOKUP'!$C$4:$M$59,8,FALSE)),"0") -> 0 | EI7: =IF(AND($C7<>"",$P7<>""),(VLOOKUP($C7,'V-LOOKUP'!$C$4:$M$59,9,FALSE)),"0") -> 0 | EJ7: =IF(AND($C7<>"",$P7<>""),(VLOOKUP($C7,'V-LOOKUP'!$C$4:$M$59,10,FALSE)),"0") -> 0 | EK7: =IF(AND($C7<>"",$P7<>""),(VLOOKUP($C7,'V-LOOKUP'!$C$4:$M$59,11,FALSE)),"0") -> 0 | EL7: =IF(AND($C7<>"",$P7<>""),(VLOOKUP($C7,'V-LOOKUP'!$C$4:$N$59,12,FALSE)),"0") -> 0 | EM7: =IF(AND($C7<>"",Q7<>""),(VLOOKUP($C7,'V-LOOKUP'!$C$4:$M$59,4,FALSE)),"0") -> 0 | EN7: =IF(AND($C7<>"",$Q7<>""),(VLOOKUP($C7,'V-LOOKUP'!$C$4:$M$59,5,FALSE)),"0") -> 0 | EO7: =IF(AND($C7<>"",$Q7<>""),(VLOOKUP($C7,'V-LOOKUP'!$C$4:$M$59,6,FALSE)),"0") -> 0 | EP7: =IF(AND($C7<>"",$Q7<>""),(VLOOKUP($C7,'V-LOOKUP'!$C$4:$M$59,7,FALSE)),"0") -> 0 | EQ7: =IF(AND($C7<>"",$Q7<>""),(VLOOKUP($C7,'V-LOOKUP'!$C$4:$M$59,8,FALSE)),"0") -> 0 | ER7: =IF(AND($C7<>"",$Q7<>""),(VLOOKUP($C7,'V-LOOKUP'!$C$4:$M$59,9,FALSE)),"0") -> 0 | ES7: =IF(AND($C7<>"",$Q7<>""),(VLOOKUP($C7,'V-LOOKUP'!$C$4:$M$59,10,FALSE)),"0") -> 0 | ET7: =IF(AND($C7<>"",$Q7<>""),(VLOOKUP($C7,'V-LOOKUP'!$C$4:$M$59,11,FALSE)),"0") -> 0 | EU7: =IF(AND($C7<>"",$Q7<>""),(VLOOKUP($C7,'V-LOOKUP'!$C$4:$N$59,12,FALSE)),"0") -> 0 | EV7: =IF(AND($C7<>"",R7<>""),(VLOOKUP($C7,'V-LOOKUP'!$C$4:$M$59,4,FALSE)),"0") -> 0 | EW7: =IF(AND($C7<>"",$R7<>""),(VLOOKUP($C7,'V-LOOKUP'!$C$4:$M$59,5,FALSE)),"0") -> 0 | EX7: =IF(AND($C7<>"",$R7<>""),(VLOOKUP($C7,'V-LOOKUP'!$C$4:$M$59,6,FALSE)),"0") -> 0 | EY7: =IF(AND($C7<>"",$R7<>""),(VLOOKUP($C7,'V-LOOKUP'!$C$4:$M$59,7,FALSE)),"0") -> 0 | EZ7: =IF(AND($C7<>"",$R7<>""),(VLOOKUP($C7,'V-LOOKUP'!$C$4:$M$59,8,FALSE)),"0") -> 0 | FA7: =IF(AND($C7<>"",$R7<>""),(VLOOKUP($C7,'V-LOOKUP'!$C$4:$M$59,9,FALSE)),"0") -> 0 | FB7: =IF(AND($C7<>"",$R7<>""),(VLOOKUP($C7,'V-LOOKUP'!$C$4:$M$59,10,FALSE)),"0") -> 0 | FC7: =IF(AND($C7<>"",$R7<>""),(VLOOKUP($C7,'V-LOOKUP'!$C$4:$M$59,11,FALSE)),"0") -> 0 | FD7: =IF(AND($C7<>"",$R7<>""),(VLOOKUP($C7,'V-LOOKUP'!$C$4:$N$59,12,FALSE)),"0") -> 0 | FE7: =IF(AND($C7<>"",S7<>""),(VLOOKUP($C7,'V-LOOKUP'!$C$4:$M$59,4,FALSE)),"0") -> 0 | FF7: =IF(AND($C7<>"",$S7<>""),(VLOOKUP($C7,'V-LOOKUP'!$C$4:$M$59,5,FALSE)),"0") -> 0 | FG7: =IF(AND($C7<>"",$S7<>""),(VLOOKUP($C7,'V-LOOKUP'!$C$4:$M$59,6,FALSE)),"0") -> 0 | FH7: =IF(AND($C7<>"",$S7<>""),(VLOOKUP($C7,'V-LOOKUP'!$C$4:$M$59,7,FALSE)),"0") -> 0 | FI7: =IF(AND($C7<>"",$S7<>""),(VLOOKUP($C7,'V-LOOKUP'!$C$4:$M$59,8,FALSE)),"0") -> 0 | FJ7: =IF(AND($C7<>"",$S7<>""),(VLOOKUP($C7,'V-LOOKUP'!$C$4:$M$59,9,FALSE)),"0") -> 0 | FK7: =IF(AND($C7<>"",$S7<>""),(VLOOKUP($C7,'V-LOOKUP'!$C$4:$M$59,10,FALSE)),"0") -> 0 | FL7: =IF(AND($C7<>"",$S7<>""),(VLOOKUP($C7,'V-LOOKUP'!$C$4:$M$59,11,FALSE)),"0") -> 0 | FM7: =IF(AND($C7<>"",$S7<>""),(VLOOKUP($C7,'V-LOOKUP'!$C$4:$N$59,12,FALSE)),"0") -> 0 | FN7: =IF(AND($C7<>"",T7<>""),(VLOOKUP($C7,'V-LOOKUP'!$C$4:$M$59,4,FALSE)),"0") -> 0 | FO7: =IF(AND($C7<>"",$T7<>""),(VLOOKUP($C7,'V-LOOKUP'!$C$4:$M$59,5,FALSE)),"0") -> 0 | FP7: =IF(AND($C7<>"",$T7<>""),(VLOOKUP($C7,'V-LOOKUP'!$C$4:$M$59,6,FALSE)),"0") -> 0 | FQ7: =IF(AND($C7<>"",$T7<>""),(VLOOKUP($C7,'V-LOOKUP'!$C$4:$M$59,7,FALSE)),"0") -> 0 | FR7: =IF(AND($C7<>"",$T7<>""),(VLOOKUP($C7,'V-LOOKUP'!$C$4:$M$59,8,FALSE)),"0") -> 0 | FS7: =IF(AND($C7<>"",$T7<>""),(VLOOKUP($C7,'V-LOOKUP'!$C$4:$M$59,9,FALSE)),"0") -> 0 | FT7: =IF(AND($C7<>"",$T7<>""),(VLOOKUP($C7,'V-LOOKUP'!$C$4:$M$59,10,FALSE)),"0") -> 0 | FU7: =IF(AND($C7<>"",$T7<>""),(VLOOKUP($C7,'V-LOOKUP'!$C$4:$M$59,11,FALSE)),"0") -> 0 | FV7: =IF(AND($C7<>"",$T7<>""),(VLOOKUP($C7,'V-LOOKUP'!$C$4:$N$59,12,FALSE)),"0") -> 0 | FW7: =IF(AND($C7<>"",U7<>""),(VLOOKUP($C7,'V-LOOKUP'!$C$4:$M$59,4,FALSE)),"0") -> 0 | FX7: =IF(AND($C7<>"",$U7<>""),(VLOOKUP($C7,'V-LOOKUP'!$C$4:$M$59,5,FALSE)),"0") -> 0 | FY7: =IF(AND($C7<>"",$U7<>""),(VLOOKUP($C7,'V-LOOKUP'!$C$4:$M$59,6,FALSE)),"0") -> 0 | FZ7: =IF(AND($C7<>"",$U7<>""),(VLOOKUP($C7,'V-LOOKUP'!$C$4:$M$59,7,FALSE)),"0") -> 0 | GA7: =IF(AND($C7<>"",$U7<>""),(VLOOKUP($C7,'V-LOOKUP'!$C$4:$M$59,8,FALSE)),"0") -> 0 | GB7: =IF(AND($C7<>"",$U7<>""),(VLOOKUP($C7,'V-LOOKUP'!$C$4:$M$59,9,FALSE)),"0") -> 0 | GC7: =IF(AND($C7<>"",$U7<>""),(VLOOKUP($C7,'V-LOOKUP'!$C$4:$M$59,10,FALSE)),"0") -> 0 | GD7: =IF(AND($C7<>"",$U7<>""),(VLOOKUP($C7,'V-LOOKUP'!$C$4:$M$59,11,FALSE)),"0") -> 0 | GE7: =IF(AND($C7<>"",$U7<>""),(VLOOKUP($C7,'V-LOOKUP'!$C$4:$N$59,12,FALSE)),"0") -> 0 | GF7: =IF(AND($C7<>"",V7<>""),(VLOOKUP($C7,'V-LOOKUP'!$C$4:$M$59,4,FALSE)),"0") -> 0 | GG7: =IF(AND($C7<>"",$V7<>""),(VLOOKUP($C7,'V-LOOKUP'!$C$4:$M$59,5,FALSE)),"0") -> 0 | GH7: =IF(AND($C7<>"",$V7<>""),(VLOOKUP($C7,'V-LOOKUP'!$C$4:$M$59,6,FALSE)),"0") -> 0 | GI7: =IF(AND($C7<>"",$V7<>""),(VLOOKUP($C7,'V-LOOKUP'!$C$4:$M$59,7,FALSE)),"0") -> 0 | GJ7: =IF(AND($C7<>"",$V7<>""),(VLOOKUP($C7,'V-LOOKUP'!$C$4:$M$59,8,FALSE)),"0") -> 0 | GK7: =IF(AND($C7<>"",$V7<>""),(VLOOKUP($C7,'V-LOOKUP'!$C$4:$M$59,9,FALSE)),"0") -> 0 | GL7: =IF(AND($C7<>"",$V7<>""),(VLOOKUP($C7,'V-LOOKUP'!$C$4:$M$59,10,FALSE)),"0") -> 0 | GM7: =IF(AND($C7<>"",$V7<>""),(VLOOKUP($C7,'V-LOOKUP'!$C$4:$M$59,11,FALSE)),"0") -> 0 | GN7: =IF(AND($C7<>"",$V7<>""),(VLOOKUP($C7,'V-LOOKUP'!$C$4:$N$59,12,FALSE)),"0") -> 0 | GO7: =IF(AND($C7<>"",W7<>""),(VLOOKUP($C7,'V-LOOKUP'!$C$4:$M$59,4,FALSE)),"0") -> 0 | GP7: =IF(AND($C7<>"",$W7<>""),(VLOOKUP($C7,'V-LOOKUP'!$C$4:$M$59,5,FALSE)),"0") -> 0 | GQ7: =IF(AND($C7<>"",$W7<>""),(VLOOKUP($C7,'V-LOOKUP'!$C$4:$M$59,6,FALSE)),"0") -> 0 | GR7: =IF(AND($C7<>"",$W7<>""),(VLOOKUP($C7,'V-LOOKUP'!$C$4:$M$59,7,FALSE)),"0") -> 0 | GS7: =IF(AND($C7<>"",$W7<>""),(VLOOKUP($C7,'V-LOOKUP'!$C$4:$M$59,8,FALSE)),"0") -> 0 | GT7: =IF(AND($C7<>"",$W7<>""),(VLOOKUP($C7,'V-LOOKUP'!$C$4:$M$59,9,FALSE)),"0") -> 0 | GU7: =IF(AND($C7<>"",$W7<>""),(VLOOKUP($C7,'V-LOOKUP'!$C$4:$M$59,10,FALSE)),"0") -> 0 | GV7: =IF(AND($C7<>"",$W7<>""),(VLOOKUP($C7,'V-LOOKUP'!$C$4:$M$59,11,FALSE)),"0") -> 0 | GW7: =IF(AND($C7<>"",$W7<>""),(VLOOKUP($C7,'V-LOOKUP'!$C$4:$N$59,12,FALSE)),"0") -> 0
Z8: =IF(AND($C8<>"",$D8<>""),(VLOOKUP($C8,'V-LOOKUP'!$C$4:$M$59,4,FALSE)),"0") -> 0 | AA8: =IF(AND($C8<>"",$D8<>""),(VLOOKUP($C8,'V-LOOKUP'!$C$4:$M$59,5,FALSE)),"0") -> 0 | AB8: =IF(AND($C8<>"",$D8<>""),(VLOOKUP($C8,'V-LOOKUP'!$C$4:$M$59,6,FALSE)),"0") -> 0 | AC8: =IF(AND($C8<>"",$D8<>""),(VLOOKUP($C8,'V-LOOKUP'!$C$4:$M$59,7,FALSE)),"0") -> 0 | AD8: =IF(AND($C8<>"",$D8<>""),(VLOOKUP($C8,'V-LOOKUP'!$C$4:$M$59,8,FALSE)),"0") -> 0 | AE8: =IF(AND($C8<>"",$D8<>""),(VLOOKUP($C8,'V-LOOKUP'!$C$4:$M$59,9,FALSE)),"0") -> 0 | AF8: =IF(AND($C8<>"",$D8<>""),(VLOOKUP($C8,'V-LOOKUP'!$C$4:$M$59,10,FALSE)),"0") -> 0 | AG8: =IF(AND($C8<>"",$D8<>""),(VLOOKUP($C8,'V-LOOKUP'!$C$4:$M$59,11,FALSE)),"0") -> 0 | AH8: =IF(AND($C8<>"",$D8<>""),(VLOOKUP($C8,'V-LOOKUP'!$C$4:$N$59,12,FALSE)),"0") -> 0 | AI8: =IF(AND($C8<>"",E8<>""),(VLOOKUP($C8,'V-LOOKUP'!$C$4:$M$59,4,FALSE)),"0") -> 0 | AJ8: =IF(AND($C8<>"",$E8<>""),(VLOOKUP($C8,'V-LOOKUP'!$C$4:$M$59,5,FALSE)),"0") -> 0 | AK8: =IF(AND($C8<>"",$E8<>""),(VLOOKUP($C8,'V-LOOKUP'!$C$4:$M$59,6,FALSE)),"0") -> 0 | AL8: =IF(AND($C8<>"",$E8<>""),(VLOOKUP($C8,'V-LOOKUP'!$C$4:$M$59,7,FALSE)),"0") -> 0 | AM8: =IF(AND($C8<>"",$E8<>""),(VLOOKUP($C8,'V-LOOKUP'!$C$4:$M$59,8,FALSE)),"0") -> 0 | AN8: =IF(AND($C8<>"",$E8<>""),(VLOOKUP($C8,'V-LOOKUP'!$C$4:$M$59,9,FALSE)),"0") -> 0 | AO8: =IF(AND($C8<>"",$E8<>""),(VLOOKUP($C8,'V-LOOKUP'!$C$4:$M$59,10,FALSE)),"0") -> 0 | AP8: =IF(AND($C8<>"",$E8<>""),(VLOOKUP($C8,'V-LOOKUP'!$C$4:$M$59,11,FALSE)),"0") -> 0 | AQ8: =IF(AND($C8<>"",$E8<>""),(VLOOKUP($C8,'V-LOOKUP'!$C$4:$N$59,12,FALSE)),"0") -> 0 | AR8: =IF(AND($C8<>"",$F8<>""),(VLOOKUP($C8,'V-LOOKUP'!$C$4:$M$59,4,FALSE)),"0") -> 0 | AS8: =IF(AND($C8<>"",$F8<>""),(VLOOKUP($C8,'V-LOOKUP'!$C$4:$M$59,5,FALSE)),"0") -> 0 | AT8: =IF(AND($C8<>"",$F8<>""),(VLOOKUP($C8,'V-LOOKUP'!$C$4:$M$59,6,FALSE)),"0") -> 0 | AU8: =IF(AND($C8<>"",$F8<>""),(VLOOKUP($C8,'V-LOOKUP'!$C$4:$M$59,7,FALSE)),"0") -> 0 | AV8: =IF(AND($C8<>"",$F8<>""),(VLOOKUP($C8,'V-LOOKUP'!$C$4:$M$59,8,FALSE)),"0") -> 0 | AW8: =IF(AND($C8<>"",$F8<>""),(VLOOKUP($C8,'V-LOOKUP'!$C$4:$M$59,9,FALSE)),"0") -> 0 | AX8: =IF(AND($C8<>"",$F8<>""),(VLOOKUP($C8,'V-LOOKUP'!$C$4:$M$59,10,FALSE)),"0") -> 0 | AY8: =IF(AND($C8<>"",$F8<>""),(VLOOKUP($C8,'V-LOOKUP'!$C$4:$M$59,11,FALSE)),"0") -> 0 | AZ8: =IF(AND($C8<>"",$F8<>""),(VLOOKUP($C8,'V-LOOKUP'!$C$4:$N$59,12,FALSE)),"0") -> 0 | BA8: =IF(AND($C8<>"",G8<>""),(VLOOKUP($C8,'V-LOOKUP'!$C$4:$M$59,4,FALSE)),"0") -> 0 | BB8: =IF(AND($C8<>"",$G8<>""),(VLOOKUP($C8,'V-LOOKUP'!$C$4:$M$59,5,FALSE)),"0") -> 0 | BC8: =IF(AND($C8<>"",$G8<>""),(VLOOKUP($C8,'V-LOOKUP'!$C$4:$M$59,6,FALSE)),"0") -> 0 | BD8: =IF(AND($C8<>"",$G8<>""),(VLOOKUP($C8,'V-LOOKUP'!$C$4:$M$59,7,FALSE)),"0") -> 0 | BE8: =IF(AND($C8<>"",$G8<>""),(VLOOKUP($C8,'V-LOOKUP'!$C$4:$M$59,8,FALSE)),"0") -> 0 | BF8: =IF(AND($C8<>"",$G8<>""),(VLOOKUP($C8,'V-LOOKUP'!$C$4:$M$59,9,FALSE)),"0") -> 0 | BG8: =IF(AND($C8<>"",$G8<>""),(VLOOKUP($C8,'V-LOOKUP'!$C$4:$M$59,10,FALSE)),"0") -> 0 | BH8: =IF(AND($C8<>"",$G8<>""),(VLOOKUP($C8,'V-LOOKUP'!$C$4:$M$59,11,FALSE)),"0") -> 0 | BI8: =IF(AND($C8<>"",$G8<>""),(VLOOKUP($C8,'V-LOOKUP'!$C$4:$N$59,12,FALSE)),"0") -> 0 | BJ8: =IF(AND($C8<>"",H8<>""),(VLOOKUP($C8,'V-LOOKUP'!$C$4:$M$59,4,FALSE)),"0") -> 0 | BK8: =IF(AND($C8<>"",$G8<>""),(VLOOKUP($C8,'V-LOOKUP'!$C$4:$M$59,5,FALSE)),"0") -> 0 | BL8: =IF(AND($C8<>"",$H8<>""),(VLOOKUP($C8,'V-LOOKUP'!$C$4:$M$59,6,FALSE)),"0") -> 0 | BM8: =IF(AND($C8<>"",$H8<>""),(VLOOKUP($C8,'V-LOOKUP'!$C$4:$M$59,7,FALSE)),"0") -> 0 | BN8: =IF(AND($C8<>"",$H8<>""),(VLOOKUP($C8,'V-LOOKUP'!$C$4:$M$59,8,FALSE)),"0") -> 0 | BO8: =IF(AND($C8<>"",$H8<>""),(VLOOKUP($C8,'V-LOOKUP'!$C$4:$M$59,9,FALSE)),"0") -> 0 | BP8: =IF(AND($C8<>"",$H8<>""),(VLOOKUP($C8,'V-LOOKUP'!$C$4:$M$59,10,FALSE)),"0") -> 0 | BQ8: =IF(AND($C8<>"",$H8<>""),(VLOOKUP($C8,'V-LOOKUP'!$C$4:$M$59,11,FALSE)),"0") -> 0 | BR8: =IF(AND($C8<>"",$H8<>""),(VLOOKUP($C8,'V-LOOKUP'!$C$4:$N$59,12,FALSE)),"0") -> 0 | BS8: =IF(AND($C8<>"",I8<>""),(VLOOKUP($C8,'V-LOOKUP'!$C$4:$M$59,4,FALSE)),"0") -> 0 | BT8: =IF(AND($C8<>"",$I8<>""),(VLOOKUP($C8,'V-LOOKUP'!$C$4:$M$59,5,FALSE)),"0") -> 0 | BU8: =IF(AND($C8<>"",$I8<>""),(VLOOKUP($C8,'V-LOOKUP'!$C$4:$M$59,6,FALSE)),"0") -> 0 | BV8: =IF(AND($C8<>"",$I8<>""),(VLOOKUP($C8,'V-LOOKUP'!$C$4:$M$59,7,FALSE)),"0") -> 0 | BW8: =IF(AND($C8<>"",$I8<>""),(VLOOKUP($C8,'V-LOOKUP'!$C$4:$M$59,8,FALSE)),"0") -> 0 | BX8: =IF(AND($C8<>"",$I8<>""),(VLOOKUP($C8,'V-LOOKUP'!$C$4:$M$59,9,FALSE)),"0") -> 0 | BY8: =IF(AND($C8<>"",$I8<>""),(VLOOKUP($C8,'V-LOOKUP'!$C$4:$M$59,10,FALSE)),"0") -> 0 | BZ8: =IF(AND($C8<>"",$I8<>""),(VLOOKUP($C8,'V-LOOKUP'!$C$4:$M$59,11,FALSE)),"0") -> 0 | CA8: =IF(AND($C8<>"",$I8<>""),(VLOOKUP($C8,'V-LOOKUP'!$C$4:$N$59,12,FALSE)),"0") -> 0 | CB8: =IF(AND($C8<>"",J8<>""),(VLOOKUP($C8,'V-LOOKUP'!$C$4:$M$59,4,FALSE)),"0") -> 0 | CC8: =IF(AND($C8<>"",$J8<>""),(VLOOKUP($C8,'V-LOOKUP'!$C$4:$M$59,5,FALSE)),"0") -> 0 | CD8: =IF(AND($C8<>"",$J8<>""),(VLOOKUP($C8,'V-LOOKUP'!$C$4:$M$59,6,FALSE)),"0") -> 0 | CE8: =IF(AND($C8<>"",$J8<>""),(VLOOKUP($C8,'V-LOOKUP'!$C$4:$M$59,7,FALSE)),"0") -> 0 | CF8: =IF(AND($C8<>"",$J8<>""),(VLOOKUP($C8,'V-LOOKUP'!$C$4:$M$59,8,FALSE)),"0") -> 0 | CG8: =IF(AND($C8<>"",$J8<>""),(VLOOKUP($C8,'V-LOOKUP'!$C$4:$M$59,9,FALSE)),"0") -> 0 | CH8: =IF(AND($C8<>"",$J8<>""),(VLOOKUP($C8,'V-LOOKUP'!$C$4:$M$59,10,FALSE)),"0") -> 0 | CI8: =IF(AND($C8<>"",$J8<>""),(VLOOKUP($C8,'V-LOOKUP'!$C$4:$M$59,11,FALSE)),"0") -> 0 | CJ8: =IF(AND($C8<>"",$J8<>""),(VLOOKUP($C8,'V-LOOKUP'!$C$4:$N$59,12,FALSE)),"0") -> 0 | CK8: =IF(AND($C8<>"",K8<>""),(VLOOKUP($C8,'V-LOOKUP'!$C$4:$M$59,4,FALSE)),"0") -> 0 | CL8: =IF(AND($C8<>"",$K8<>""),(VLOOKUP($C8,'V-LOOKUP'!$C$4:$M$59,5,FALSE)),"0") -> 0 | CM8: =IF(AND($C8<>"",$K8<>""),(VLOOKUP($C8,'V-LOOKUP'!$C$4:$M$59,6,FALSE)),"0") -> 0 | CN8: =IF(AND($C8<>"",$K8<>""),(VLOOKUP($C8,'V-LOOKUP'!$C$4:$M$59,7,FALSE)),"0") -> 0 | CO8: =IF(AND($C8<>"",$K8<>""),(VLOOKUP($C8,'V-LOOKUP'!$C$4:$M$59,8,FALSE)),"0") -> 0 | CP8: =IF(AND($C8<>"",$K8<>""),(VLOOKUP($C8,'V-LOOKUP'!$C$4:$M$59,9,FALSE)),"0") -> 0 | CQ8: =IF(AND($C8<>"",$K8<>""),(VLOOKUP($C8,'V-LOOKUP'!$C$4:$M$59,10,FALSE)),"0") -> 0 | CR8: =IF(AND($C8<>"",$K8<>""),(VLOOKUP($C8,'V-LOOKUP'!$C$4:$M$59,11,FALSE)),"0") -> 0 | CS8: =IF(AND($C8<>"",$K8<>""),(VLOOKUP($C8,'V-LOOKUP'!$C$4:$N$59,12,FALSE)),"0") -> 0 | CT8: =IF(AND($C8<>"",L8<>""),(VLOOKUP($C8,'V-LOOKUP'!$C$4:$M$59,4,FALSE)),"0") -> 0 | CU8: =IF(AND($C8<>"",$L8<>""),(VLOOKUP($C8,'V-LOOKUP'!$C$4:$M$59,5,FALSE)),"0") -> 0 | CV8: =IF(AND($C8<>"",$L8<>""),(VLOOKUP($C8,'V-LOOKUP'!$C$4:$M$59,6,FALSE)),"0") -> 0 | CW8: =IF(AND($C8<>"",$L8<>""),(VLOOKUP($C8,'V-LOOKUP'!$C$4:$M$59,7,FALSE)),"0") -> 0 | CX8: =IF(AND($C8<>"",$L8<>""),(VLOOKUP($C8,'V-LOOKUP'!$C$4:$M$59,8,FALSE)),"0") -> 0 | CY8: =IF(AND($C8<>"",$L8<>""),(VLOOKUP($C8,'V-LOOKUP'!$C$4:$M$59,9,FALSE)),"0") -> 0 | CZ8: =IF(AND($C8<>"",$L8<>""),(VLOOKUP($C8,'V-LOOKUP'!$C$4:$M$59,10,FALSE)),"0") -> 0 | DA8: =IF(AND($C8<>"",$L8<>""),(VLOOKUP($C8,'V-LOOKUP'!$C$4:$M$59,11,FALSE)),"0") -> 0 | DB8: =IF(AND($C8<>"",$L8<>""),(VLOOKUP($C8,'V-LOOKUP'!$C$4:$N$59,12,FALSE)),"0") -> 0 | DC8: =IF(AND($C8<>"",M8<>""),(VLOOKUP($C8,'V-LOOKUP'!$C$4:$M$59,4,FALSE)),"0") -> 0 | DD8: =IF(AND($C8<>"",$M8<>""),(VLOOKUP($C8,'V-LOOKUP'!$C$4:$M$59,5,FALSE)),"0") -> 0 | DE8: =IF(AND($C8<>"",$M8<>""),(VLOOKUP($C8,'V-LOOKUP'!$C$4:$M$59,6,FALSE)),"0") -> 0 | DF8: =IF(AND($C8<>"",$M8<>""),(VLOOKUP($C8,'V-LOOKUP'!$C$4:$M$59,7,FALSE)),"0") -> 0 | DG8: =IF(AND($C8<>"",$M8<>""),(VLOOKUP($C8,'V-LOOKUP'!$C$4:$M$59,8,FALSE)),"0") -> 0 | DH8: =IF(AND($C8<>"",$M8<>""),(VLOOKUP($C8,'V-LOOKUP'!$C$4:$M$59,9,FALSE)),"0") -> 0 | DI8: =IF(AND($C8<>"",$M8<>""),(VLOOKUP($C8,'V-LOOKUP'!$C$4:$M$59,10,FALSE)),"0") -> 0 | DJ8: =IF(AND($C8<>"",$M8<>""),(VLOOKUP($C8,'V-LOOKUP'!$C$4:$M$59,11,FALSE)),"0") -> 0 | DK8: =IF(AND($C8<>"",$M8<>""),(VLOOKUP($C8,'V-LOOKUP'!$C$4:$N$59,12,FALSE)),"0") -> 0 | DL8: =IF(AND($C8<>"",$N8<>""),(VLOOKUP($C8,'V-LOOKUP'!$C$4:$M$59,4,FALSE)),"0") -> 0 | DM8: =IF(AND($C8<>"",$N8<>""),(VLOOKUP($C8,'V-LOOKUP'!$C$4:$M$59,5,FALSE)),"0") -> 0 | DN8: =IF(AND($C8<>"",$N8<>""),(VLOOKUP($C8,'V-LOOKUP'!$C$4:$M$59,6,FALSE)),"0") -> 0 | DO8: =IF(AND($C8<>"",$N8<>""),(VLOOKUP($C8,'V-LOOKUP'!$C$4:$M$59,7,FALSE)),"0") -> 0 | DP8: =IF(AND($C8<>"",$N8<>""),(VLOOKUP($C8,'V-LOOKUP'!$C$4:$M$59,8,FALSE)),"0") -> 0 | DQ8: =IF(AND($C8<>"",$N8<>""),(VLOOKUP($C8,'V-LOOKUP'!$C$4:$M$59,9,FALSE)),"0") -> 0 | DR8: =IF(AND($C8<>"",$N8<>""),(VLOOKUP($C8,'V-LOOKUP'!$C$4:$M$59,10,FALSE)),"0") -> 0 | DS8: =IF(AND($C8<>"",$N8<>""),(VLOOKUP($C8,'V-LOOKUP'!$C$4:$M$59,11,FALSE)),"0") -> 0 | DT8: =IF(AND($C8<>"",$N8<>""),(VLOOKUP($C8,'V-LOOKUP'!$C$4:$N$59,12,FALSE)),"0") -> 0 | DU8: =IF(AND($C8<>"",O8<>""),(VLOOKUP($C8,'V-LOOKUP'!$C$4:$M$59,4,FALSE)),"0") -> 0 | DV8: =IF(AND($C8<>"",$O8<>""),(VLOOKUP($C8,'V-LOOKUP'!$C$4:$M$59,5,FALSE)),"0") -> 0 | DW8: =IF(AND($C8<>"",$O8<>""),(VLOOKUP($C8,'V-LOOKUP'!$C$4:$M$59,6,FALSE)),"0") -> 0 | DX8: =IF(AND($C8<>"",$O8<>""),(VLOOKUP($C8,'V-LOOKUP'!$C$4:$M$59,7,FALSE)),"0") -> 0 | DY8: =IF(AND($C8<>"",$O8<>""),(VLOOKUP($C8,'V-LOOKUP'!$C$4:$M$59,8,FALSE)),"0") -> 0 | DZ8: =IF(AND($C8<>"",$O8<>""),(VLOOKUP($C8,'V-LOOKUP'!$C$4:$M$59,9,FALSE)),"0") -> 0 | EA8: =IF(AND($C8<>"",$O8<>""),(VLOOKUP($C8,'V-LOOKUP'!$C$4:$M$59,10,FALSE)),"0") -> 0 | EB8: =IF(AND($C8<>"",$O8<>""),(VLOOKUP($C8,'V-LOOKUP'!$C$4:$M$59,11,FALSE)),"0") -> 0 | EC8: =IF(AND($C8<>"",$O8<>""),(VLOOKUP($C8,'V-LOOKUP'!$C$4:$N$59,12,FALSE)),"0") -> 0 | ED8: =IF(AND($C8<>"",P8<>""),(VLOOKUP($C8,'V-LOOKUP'!$C$4:$M$59,4,FALSE)),"0") -> 0 | EE8: =IF(AND($C8<>"",$P8<>""),(VLOOKUP($C8,'V-LOOKUP'!$C$4:$M$59,5,FALSE)),"0") -> 0 | EF8: =IF(AND($C8<>"",$P8<>""),(VLOOKUP($C8,'V-LOOKUP'!$C$4:$M$59,6,FALSE)),"0") -> 0 | EG8: =IF(AND($C8<>"",$P8<>""),(VLOOKUP($C8,'V-LOOKUP'!$C$4:$M$59,7,FALSE)),"0") -> 0 | EH8: =IF(AND($C8<>"",$P8<>""),(VLOOKUP($C8,'V-LOOKUP'!$C$4:$M$59,8,FALSE)),"0") -> 0 | EI8: =IF(AND($C8<>"",$P8<>""),(VLOOKUP($C8,'V-LOOKUP'!$C$4:$M$59,9,FALSE)),"0") -> 0 | EJ8: =IF(AND($C8<>"",$P8<>""),(VLOOKUP($C8,'V-LOOKUP'!$C$4:$M$59,10,FALSE)),"0") -> 0 | EK8: =IF(AND($C8<>"",$P8<>""),(VLOOKUP($C8,'V-LOOKUP'!$C$4:$M$59,11,FALSE)),"0") -> 0 | EL8: =IF(AND($C8<>"",$P8<>""),(VLOOKUP($C8,'V-LOOKUP'!$C$4:$N$59,12,FALSE)),"0") -> 0 | EM8: =IF(AND($C8<>"",Q8<>""),(VLOOKUP($C8,'V-LOOKUP'!$C$4:$M$59,4,FALSE)),"0") -> 0 | EN8: =IF(AND($C8<>"",$Q8<>""),(VLOOKUP($C8,'V-LOOKUP'!$C$4:$M$59,5,FALSE)),"0") -> 0 | EO8: =IF(AND($C8<>"",$Q8<>""),(VLOOKUP($C8,'V-LOOKUP'!$C$4:$M$59,6,FALSE)),"0") -> 0 | EP8: =IF(AND($C8<>"",$Q8<>""),(VLOOKUP($C8,'V-LOOKUP'!$C$4:$M$59,7,FALSE)),"0") -> 0 | EQ8: =IF(AND($C8<>"",$Q8<>""),(VLOOKUP($C8,'V-LOOKUP'!$C$4:$M$59,8,FALSE)),"0") -> 0 | ER8: =IF(AND($C8<>"",$Q8<>""),(VLOOKUP($C8,'V-LOOKUP'!$C$4:$M$59,9,FALSE)),"0") -> 0 | ES8: =IF(AND($C8<>"",$Q8<>""),(VLOOKUP($C8,'V-LOOKUP'!$C$4:$M$59,10,FALSE)),"0") -> 0 | ET8: =IF(AND($C8<>"",$Q8<>""),(VLOOKUP($C8,'V-LOOKUP'!$C$4:$M$59,11,FALSE)),"0") -> 0 | EU8: =IF(AND($C8<>"",$Q8<>""),(VLOOKUP($C8,'V-LOOKUP'!$C$4:$N$59,12,FALSE)),"0") -> 0 | EV8: =IF(AND($C8<>"",R8<>""),(VLOOKUP($C8,'V-LOOKUP'!$C$4:$M$59,4,FALSE)),"0") -> 0 | EW8: =IF(AND($C8<>"",$R8<>""),(VLOOKUP($C8,'V-LOOKUP'!$C$4:$M$59,5,FALSE)),"0") -> 0 | EX8: =IF(AND($C8<>"",$R8<>""),(VLOOKUP($C8,'V-LOOKUP'!$C$4:$M$59,6,FALSE)),"0") -> 0 | EY8: =IF(AND($C8<>"",$R8<>""),(VLOOKUP($C8,'V-LOOKUP'!$C$4:$M$59,7,FALSE)),"0") -> 0 | EZ8: =IF(AND($C8<>"",$R8<>""),(VLOOKUP($C8,'V-LOOKUP'!$C$4:$M$59,8,FALSE)),"0") -> 0 | FA8: =IF(AND($C8<>"",$R8<>""),(VLOOKUP($C8,'V-LOOKUP'!$C$4:$M$59,9,FALSE)),"0") -> 0 | FB8: =IF(AND($C8<>"",$R8<>""),(VLOOKUP($C8,'V-LOOKUP'!$C$4:$M$59,10,FALSE)),"0") -> 0 | FC8: =IF(AND($C8<>"",$R8<>""),(VLOOKUP($C8,'V-LOOKUP'!$C$4:$M$59,11,FALSE)),"0") -> 0 | FD8: =IF(AND($C8<>"",$R8<>""),(VLOOKUP($C8,'V-LOOKUP'!$C$4:$N$59,12,FALSE)),"0") -> 0 | FE8: =IF(AND($C8<>"",S8<>""),(VLOOKUP($C8,'V-LOOKUP'!$C$4:$M$59,4,FALSE)),"0") -> 0 | FF8: =IF(AND($C8<>"",$S8<>""),(VLOOKUP($C8,'V-LOOKUP'!$C$4:$M$59,5,FALSE)),"0") -> 0 | FG8: =IF(AND($C8<>"",$S8<>""),(VLOOKUP($C8,'V-LOOKUP'!$C$4:$M$59,6,FALSE)),"0") -> 0 | FH8: =IF(AND($C8<>"",$S8<>""),(VLOOKUP($C8,'V-LOOKUP'!$C$4:$M$59,7,FALSE)),"0") -> 0 | FI8: =IF(AND($C8<>"",$S8<>""),(VLOOKUP($C8,'V-LOOKUP'!$C$4:$M$59,8,FALSE)),"0") -> 0 | FJ8: =IF(AND($C8<>"",$S8<>""),(VLOOKUP($C8,'V-LOOKUP'!$C$4:$M$59,9,FALSE)),"0") -> 0 | FK8: =IF(AND($C8<>"",$S8<>""),(VLOOKUP($C8,'V-LOOKUP'!$C$4:$M$59,10,FALSE)),"0") -> 0 | FL8: =IF(AND($C8<>"",$S8<>""),(VLOOKUP($C8,'V-LOOKUP'!$C$4:$M$59,11,FALSE)),"0") -> 0 | FM8: =IF(AND($C8<>"",$S8<>""),(VLOOKUP($C8,'V-LOOKUP'!$C$4:$N$59,12,FALSE)),"0") -> 0 | FN8: =IF(AND($C8<>"",T8<>""),(VLOOKUP($C8,'V-LOOKUP'!$C$4:$M$59,4,FALSE)),"0") -> 0 | FO8: =IF(AND($C8<>"",$T8<>""),(VLOOKUP($C8,'V-LOOKUP'!$C$4:$M$59,5,FALSE)),"0") -> 0 | FP8: =IF(AND($C8<>"",$T8<>""),(VLOOKUP($C8,'V-LOOKUP'!$C$4:$M$59,6,FALSE)),"0") -> 0 | FQ8: =IF(AND($C8<>"",$T8<>""),(VLOOKUP($C8,'V-LOOKUP'!$C$4:$M$59,7,FALSE)),"0") -> 0 | FR8: =IF(AND($C8<>"",$T8<>""),(VLOOKUP($C8,'V-LOOKUP'!$C$4:$M$59,8,FALSE)),"0") -> 0 | FS8: =IF(AND($C8<>"",$T8<>""),(VLOOKUP($C8,'V-LOOKUP'!$C$4:$M$59,9,FALSE)),"0") -> 0 | FT8: =IF(AND($C8<>"",$T8<>""),(VLOOKUP($C8,'V-LOOKUP'!$C$4:$M$59,10,FALSE)),"0") -> 0 | FU8: =IF(AND($C8<>"",$T8<>""),(VLOOKUP($C8,'V-LOOKUP'!$C$4:$M$59,11,FALSE)),"0") -> 0 | FV8: =IF(AND($C8<>"",$T8<>""),(VLOOKUP($C8,'V-LOOKUP'!$C$4:$N$59,12,FALSE)),"0") -> 0 | FW8: =IF(AND($C8<>"",U8<>""),(VLOOKUP($C8,'V-LOOKUP'!$C$4:$M$59,4,FALSE)),"0") -> 0 | FX8: =IF(AND($C8<>"",$U8<>""),(VLOOKUP($C8,'V-LOOKUP'!$C$4:$M$59,5,FALSE)),"0") -> 0 | FY8: =IF(AND($C8<>"",$U8<>""),(VLOOKUP($C8,'V-LOOKUP'!$C$4:$M$59,6,FALSE)),"0") -> 0 | FZ8: =IF(AND($C8<>"",$U8<>""),(VLOOKUP($C8,'V-LOOKUP'!$C$4:$M$59,7,FALSE)),"0") -> 0 | GA8: =IF(AND($C8<>"",$U8<>""),(VLOOKUP($C8,'V-LOOKUP'!$C$4:$M$59,8,FALSE)),"0") -> 0 | GB8: =IF(AND($C8<>"",$U8<>""),(VLOOKUP($C8,'V-LOOKUP'!$C$4:$M$59,9,FALSE)),"0") -> 0 | GC8: =IF(AND($C8<>"",$U8<>""),(VLOOKUP($C8,'V-LOOKUP'!$C$4:$M$59,10,FALSE)),"0") -> 0 | GD8: =IF(AND($C8<>"",$U8<>""),(VLOOKUP($C8,'V-LOOKUP'!$C$4:$M$59,11,FALSE)),"0") -> 0 | GE8: =IF(AND($C8<>"",$U8<>""),(VLOOKUP($C8,'V-LOOKUP'!$C$4:$N$59,12,FALSE)),"0") -> 0 | GF8: =IF(AND($C8<>"",V8<>""),(VLOOKUP($C8,'V-LOOKUP'!$C$4:$M$59,4,FALSE)),"0") -> 0 | GG8: =IF(AND($C8<>"",$V8<>""),(VLOOKUP($C8,'V-LOOKUP'!$C$4:$M$59,5,FALSE)),"0") -> 0 | GH8: =IF(AND($C8<>"",$V8<>""),(VLOOKUP($C8,'V-LOOKUP'!$C$4:$M$59,6,FALSE)),"0") -> 0 | GI8: =IF(AND($C8<>"",$V8<>""),(VLOOKUP($C8,'V-LOOKUP'!$C$4:$M$59,7,FALSE)),"0") -> 0 | GJ8: =IF(AND($C8<>"",$V8<>""),(VLOOKUP($C8,'V-LOOKUP'!$C$4:$M$59,8,FALSE)),"0") -> 0 | GK8: =IF(AND($C8<>"",$V8<>""),(VLOOKUP($C8,'V-LOOKUP'!$C$4:$M$59,9,FALSE)),"0") -> 0 | GL8: =IF(AND($C8<>"",$V8<>""),(VLOOKUP($C8,'V-LOOKUP'!$C$4:$M$59,10,FALSE)),"0") -> 0 | GM8: =IF(AND($C8<>"",$V8<>""),(VLOOKUP($C8,'V-LOOKUP'!$C$4:$M$59,11,FALSE)),"0") -> 0 | GN8: =IF(AND($C8<>"",$V8<>""),(VLOOKUP($C8,'V-LOOKUP'!$C$4:$N$59,12,FALSE)),"0") -> 0 | GO8: =IF(AND($C8<>"",W8<>""),(VLOOKUP($C8,'V-LOOKUP'!$C$4:$M$59,4,FALSE)),"0") -> 0 | GP8: =IF(AND($C8<>"",$W8<>""),(VLOOKUP($C8,'V-LOOKUP'!$C$4:$M$59,5,FALSE)),"0") -> 0 | GQ8: =IF(AND($C8<>"",$W8<>""),(VLOOKUP($C8,'V-LOOKUP'!$C$4:$M$59,6,FALSE)),"0") -> 0 | GR8: =IF(AND($C8<>"",$W8<>""),(VLOOKUP($C8,'V-LOOKUP'!$C$4:$M$59,7,FALSE)),"0") -> 0 | GS8: =IF(AND($C8<>"",$W8<>""),(VLOOKUP($C8,'V-LOOKUP'!$C$4:$M$59,8,FALSE)),"0") -> 0 | GT8: =IF(AND($C8<>"",$W8<>""),(VLOOKUP($C8,'V-LOOKUP'!$C$4:$M$59,9,FALSE)),"0") -> 0 | GU8: =IF(AND($C8<>"",$W8<>""),(VLOOKUP($C8,'V-LOOKUP'!$C$4:$M$59,10,FALSE)),"0") -> 0 | GV8: =IF(AND($C8<>"",$W8<>""),(VLOOKUP($C8,'V-LOOKUP'!$C$4:$M$59,11,FALSE)),"0") -> 0 | GW8: =IF(AND($C8<>"",$W8<>""),(VLOOKUP($C8,'V-LOOKUP'!$C$4:$N$59,12,FALSE)),"0") -> 0
Z9: =IF(AND($C9<>"",$D9<>""),(VLOOKUP($C9,'V-LOOKUP'!$C$4:$M$59,4,FALSE)),"0") -> 0 | AA9: =IF(AND($C9<>"",$D9<>""),(VLOOKUP($C9,'V-LOOKUP'!$C$4:$M$59,5,FALSE)),"0") -> 0 | AB9: =IF(AND($C9<>"",$D9<>""),(VLOOKUP($C9,'V-LOOKUP'!$C$4:$M$59,6,FALSE)),"0") -> 0 | AC9: =IF(AND($C9<>"",$D9<>""),(VLOOKUP($C9,'V-LOOKUP'!$C$4:$M$59,7,FALSE)),"0") -> 0 | AD9: =IF(AND($C9<>"",$D9<>""),(VLOOKUP($C9,'V-LOOKUP'!$C$4:$M$59,8,FALSE)),"0") -> 0 | AE9: =IF(AND($C9<>"",$D9<>""),(VLOOKUP($C9,'V-LOOKUP'!$C$4:$M$59,9,FALSE)),"0") -> 0 | AF9: =IF(AND($C9<>"",$D9<>""),(VLOOKUP($C9,'V-LOOKUP'!$C$4:$M$59,10,FALSE)),"0") -> 0 | AG9: =IF(AND($C9<>"",$D9<>""),(VLOOKUP($C9,'V-LOOKUP'!$C$4:$M$59,11,FALSE)),"0") -> 0 | AH9: =IF(AND($C9<>"",$D9<>""),(VLOOKUP($C9,'V-LOOKUP'!$C$4:$N$59,12,FALSE)),"0") -> 0 | AI9: =IF(AND($C9<>"",E9<>""),(VLOOKUP($C9,'V-LOOKUP'!$C$4:$M$59,4,FALSE)),"0") -> 0 | AJ9: =IF(AND($C9<>"",$E9<>""),(VLOOKUP($C9,'V-LOOKUP'!$C$4:$M$59,5,FALSE)),"0") -> 0 | AK9: =IF(AND($C9<>"",$E9<>""),(VLOOKUP($C9,'V-LOOKUP'!$C$4:$M$59,6,FALSE)),"0") -> 0 | AL9: =IF(AND($C9<>"",$E9<>""),(VLOOKUP($C9,'V-LOOKUP'!$C$4:$M$59,7,FALSE)),"0") -> 0 | AM9: =IF(AND($C9<>"",$E9<>""),(VLOOKUP($C9,'V-LOOKUP'!$C$4:$M$59,8,FALSE)),"0") -> 0 | AN9: =IF(AND($C9<>"",$E9<>""),(VLOOKUP($C9,'V-LOOKUP'!$C$4:$M$59,9,FALSE)),"0") -> 0 | AO9: =IF(AND($C9<>"",$E9<>""),(VLOOKUP($C9,'V-LOOKUP'!$C$4:$M$59,10,FALSE)),"0") -> 0 | AP9: =IF(AND($C9<>"",$E9<>""),(VLOOKUP($C9,'V-LOOKUP'!$C$4:$M$59,11,FALSE)),"0") -> 0 | AQ9: =IF(AND($C9<>"",$E9<>""),(VLOOKUP($C9,'V-LOOKUP'!$C$4:$N$59,12,FALSE)),"0") -> 0 | AR9: =IF(AND($C9<>"",$F9<>""),(VLOOKUP($C9,'V-LOOKUP'!$C$4:$M$59,4,FALSE)),"0") -> 0 | AS9: =IF(AND($C9<>"",$F9<>""),(VLOOKUP($C9,'V-LOOKUP'!$C$4:$M$59,5,FALSE)),"0") -> 0 | AT9: =IF(AND($C9<>"",$F9<>""),(VLOOKUP($C9,'V-LOOKUP'!$C$4:$M$59,6,FALSE)),"0") -> 0 | AU9: =IF(AND($C9<>"",$F9<>""),(VLOOKUP($C9,'V-LOOKUP'!$C$4:$M$59,7,FALSE)),"0") -> 0 | AV9: =IF(AND($C9<>"",$F9<>""),(VLOOKUP($C9,'V-LOOKUP'!$C$4:$M$59,8,FALSE)),"0") -> 0 | AW9: =IF(AND($C9<>"",$F9<>""),(VLOOKUP($C9,'V-LOOKUP'!$C$4:$M$59,9,FALSE)),"0") -> 0 | AX9: =IF(AND($C9<>"",$F9<>""),(VLOOKUP($C9,'V-LOOKUP'!$C$4:$M$59,10,FALSE)),"0") -> 0 | AY9: =IF(AND($C9<>"",$F9<>""),(VLOOKUP($C9,'V-LOOKUP'!$C$4:$M$59,11,FALSE)),"0") -> 0 | AZ9: =IF(AND($C9<>"",$F9<>""),(VLOOKUP($C9,'V-LOOKUP'!$C$4:$N$59,12,FALSE)),"0") -> 0 | BA9: =IF(AND($C9<>"",G9<>""),(VLOOKUP($C9,'V-LOOKUP'!$C$4:$M$59,4,FALSE)),"0") -> 0 | BB9: =IF(AND($C9<>"",$G9<>""),(VLOOKUP($C9,'V-LOOKUP'!$C$4:$M$59,5,FALSE)),"0") -> 0 | BC9: =IF(AND($C9<>"",$G9<>""),(VLOOKUP($C9,'V-LOOKUP'!$C$4:$M$59,6,FALSE)),"0") -> 0 | BD9: =IF(AND($C9<>"",$G9<>""),(VLOOKUP($C9,'V-LOOKUP'!$C$4:$M$59,7,FALSE)),"0") -> 0 | BE9: =IF(AND($C9<>"",$G9<>""),(VLOOKUP($C9,'V-LOOKUP'!$C$4:$M$59,8,FALSE)),"0") -> 0 | BF9: =IF(AND($C9<>"",$G9<>""),(VLOOKUP($C9,'V-LOOKUP'!$C$4:$M$59,9,FALSE)),"0") -> 0 | BG9: =IF(AND($C9<>"",$G9<>""),(VLOOKUP($C9,'V-LOOKUP'!$C$4:$M$59,10,FALSE)),"0") -> 0 | BH9: =IF(AND($C9<>"",$G9<>""),(VLOOKUP($C9,'V-LOOKUP'!$C$4:$M$59,11,FALSE)),"0") -> 0 | BI9: =IF(AND($C9<>"",$G9<>""),(VLOOKUP($C9,'V-LOOKUP'!$C$4:$N$59,12,FALSE)),"0") -> 0 | BJ9: =IF(AND($C9<>"",H9<>""),(VLOOKUP($C9,'V-LOOKUP'!$C$4:$M$59,4,FALSE)),"0") -> 0 | BK9: =IF(AND($C9<>"",$G9<>""),(VLOOKUP($C9,'V-LOOKUP'!$C$4:$M$59,5,FALSE)),"0") -> 0 | BL9: =IF(AND($C9<>"",$H9<>""),(VLOOKUP($C9,'V-LOOKUP'!$C$4:$M$59,6,FALSE)),"0") -> 0 | BM9: =IF(AND($C9<>"",$H9<>""),(VLOOKUP($C9,'V-LOOKUP'!$C$4:$M$59,7,FALSE)),"0") -> 0 | BN9: =IF(AND($C9<>"",$H9<>""),(VLOOKUP($C9,'V-LOOKUP'!$C$4:$M$59,8,FALSE)),"0") -> 0 | BO9: =IF(AND($C9<>"",$H9<>""),(VLOOKUP($C9,'V-LOOKUP'!$C$4:$M$59,9,FALSE)),"0") -> 0 | BP9: =IF(AND($C9<>"",$H9<>""),(VLOOKUP($C9,'V-LOOKUP'!$C$4:$M$59,10,FALSE)),"0") -> 0 | BQ9: =IF(AND($C9<>"",$H9<>""),(VLOOKUP($C9,'V-LOOKUP'!$C$4:$M$59,11,FALSE)),"0") -> 0 | BR9: =IF(AND($C9<>"",$H9<>""),(VLOOKUP($C9,'V-LOOKUP'!$C$4:$N$59,12,FALSE)),"0") -> 0 | BS9: =IF(AND($C9<>"",I9<>""),(VLOOKUP($C9,'V-LOOKUP'!$C$4:$M$59,4,FALSE)),"0") -> 0 | BT9: =IF(AND($C9<>"",$I9<>""),(VLOOKUP($C9,'V-LOOKUP'!$C$4:$M$59,5,FALSE)),"0") -> 0 | BU9: =IF(AND($C9<>"",$I9<>""),(VLOOKUP($C9,'V-LOOKUP'!$C$4:$M$59,6,FALSE)),"0") -> 0 | BV9: =IF(AND($C9<>"",$I9<>""),(VLOOKUP($C9,'V-LOOKUP'!$C$4:$M$59,7,FALSE)),"0") -> 0 | BW9: =IF(AND($C9<>"",$I9<>""),(VLOOKUP($C9,'V-LOOKUP'!$C$4:$M$59,8,FALSE)),"0") -> 0 | BX9: =IF(AND($C9<>"",$I9<>""),(VLOOKUP($C9,'V-LOOKUP'!$C$4:$M$59,9,FALSE)),"0") -> 0 | BY9: =IF(AND($C9<>"",$I9<>""),(VLOOKUP($C9,'V-LOOKUP'!$C$4:$M$59,10,FALSE)),"0") -> 0 | BZ9: =IF(AND($C9<>"",$I9<>""),(VLOOKUP($C9,'V-LOOKUP'!$C$4:$M$59,11,FALSE)),"0") -> 0 | CA9: =IF(AND($C9<>"",$I9<>""),(VLOOKUP($C9,'V-LOOKUP'!$C$4:$N$59,12,FALSE)),"0") -> 0 | CB9: =IF(AND($C9<>"",J9<>""),(VLOOKUP($C9,'V-LOOKUP'!$C$4:$M$59,4,FALSE)),"0") -> 0 | CC9: =IF(AND($C9<>"",$J9<>""),(VLOOKUP($C9,'V-LOOKUP'!$C$4:$M$59,5,FALSE)),"0") -> 0 | CD9: =IF(AND($C9<>"",$J9<>""),(VLOOKUP($C9,'V-LOOKUP'!$C$4:$M$59,6,FALSE)),"0") -> 0 | CE9: =IF(AND($C9<>"",$J9<>""),(VLOOKUP($C9,'V-LOOKUP'!$C$4:$M$59,7,FALSE)),"0") -> 0 | CF9: =IF(AND($C9<>"",$J9<>""),(VLOOKUP($C9,'V-LOOKUP'!$C$4:$M$59,8,FALSE)),"0") -> 0 | CG9: =IF(AND($C9<>"",$J9<>""),(VLOOKUP($C9,'V-LOOKUP'!$C$4:$M$59,9,FALSE)),"0") -> 0 | CH9: =IF(AND($C9<>"",$J9<>""),(VLOOKUP($C9,'V-LOOKUP'!$C$4:$M$59,10,FALSE)),"0") -> 0 | CI9: =IF(AND($C9<>"",$J9<>""),(VLOOKUP($C9,'V-LOOKUP'!$C$4:$M$59,11,FALSE)),"0") -> 0 | CJ9: =IF(AND($C9<>"",$J9<>""),(VLOOKUP($C9,'V-LOOKUP'!$C$4:$N$59,12,FALSE)),"0") -> 0 | CK9: =IF(AND($C9<>"",K9<>""),(VLOOKUP($C9,'V-LOOKUP'!$C$4:$M$59,4,FALSE)),"0") -> 0 | CL9: =IF(AND($C9<>"",$K9<>""),(VLOOKUP($C9,'V-LOOKUP'!$C$4:$M$59,5,FALSE)),"0") -> 0 | CM9: =IF(AND($C9<>"",$K9<>""),(VLOOKUP($C9,'V-LOOKUP'!$C$4:$M$59,6,FALSE)),"0") -> 0 | CN9: =IF(AND($C9<>"",$K9<>""),(VLOOKUP($C9,'V-LOOKUP'!$C$4:$M$59,7,FALSE)),"0") -> 0 | CO9: =IF(AND($C9<>"",$K9<>""),(VLOOKUP($C9,'V-LOOKUP'!$C$4:$M$59,8,FALSE)),"0") -> 0 | CP9: =IF(AND($C9<>"",$K9<>""),(VLOOKUP($C9,'V-LOOKUP'!$C$4:$M$59,9,FALSE)),"0") -> 0 | CQ9: =IF(AND($C9<>"",$K9<>""),(VLOOKUP($C9,'V-LOOKUP'!$C$4:$M$59,10,FALSE)),"0") -> 0 | CR9: =IF(AND($C9<>"",$K9<>""),(VLOOKUP($C9,'V-LOOKUP'!$C$4:$M$59,11,FALSE)),"0") -> 0 | CS9: =IF(AND($C9<>"",$K9<>""),(VLOOKUP($C9,'V-LOOKUP'!$C$4:$N$59,12,FALSE)),"0") -> 0 | CT9: =IF(AND($C9<>"",L9<>""),(VLOOKUP($C9,'V-LOOKUP'!$C$4:$M$59,4,FALSE)),"0") -> 0 | CU9: =IF(AND($C9<>"",$L9<>""),(VLOOKUP($C9,'V-LOOKUP'!$C$4:$M$59,5,FALSE)),"0") -> 0 | CV9: =IF(AND($C9<>"",$L9<>""),(VLOOKUP($C9,'V-LOOKUP'!$C$4:$M$59,6,FALSE)),"0") -> 0 | CW9: =IF(AND($C9<>"",$L9<>""),(VLOOKUP($C9,'V-LOOKUP'!$C$4:$M$59,7,FALSE)),"0") -> 0 | CX9: =IF(AND($C9<>"",$L9<>""),(VLOOKUP($C9,'V-LOOKUP'!$C$4:$M$59,8,FALSE)),"0") -> 0 | CY9: =IF(AND($C9<>"",$L9<>""),(VLOOKUP($C9,'V-LOOKUP'!$C$4:$M$59,9,FALSE)),"0") -> 0 | CZ9: =IF(AND($C9<>"",$L9<>""),(VLOOKUP($C9,'V-LOOKUP'!$C$4:$M$59,10,FALSE)),"0") -> 0 | DA9: =IF(AND($C9<>"",$L9<>""),(VLOOKUP($C9,'V-LOOKUP'!$C$4:$M$59,11,FALSE)),"0") -> 0 | DB9: =IF(AND($C9<>"",$L9<>""),(VLOOKUP($C9,'V-LOOKUP'!$C$4:$N$59,12,FALSE)),"0") -> 0 | DC9: =IF(AND($C9<>"",M9<>""),(VLOOKUP($C9,'V-LOOKUP'!$C$4:$M$59,4,FALSE)),"0") -> 0 | DD9: =IF(AND($C9<>"",$M9<>""),(VLOOKUP($C9,'V-LOOKUP'!$C$4:$M$59,5,FALSE)),"0") -> 0 | DE9: =IF(AND($C9<>"",$M9<>""),(VLOOKUP($C9,'V-LOOKUP'!$C$4:$M$59,6,FALSE)),"0") -> 0 | DF9: =IF(AND($C9<>"",$M9<>""),(VLOOKUP($C9,'V-LOOKUP'!$C$4:$M$59,7,FALSE)),"0") -> 0 | DG9: =IF(AND($C9<>"",$M9<>""),(VLOOKUP($C9,'V-LOOKUP'!$C$4:$M$59,8,FALSE)),"0") -> 0 | DH9: =IF(AND($C9<>"",$M9<>""),(VLOOKUP($C9,'V-LOOKUP'!$C$4:$M$59,9,FALSE)),"0") -> 0 | DI9: =IF(AND($C9<>"",$M9<>""),(VLOOKUP($C9,'V-LOOKUP'!$C$4:$M$59,10,FALSE)),"0") -> 0 | DJ9: =IF(AND($C9<>"",$M9<>""),(VLOOKUP($C9,'V-LOOKUP'!$C$4:$M$59,11,FALSE)),"0") -> 0 | DK9: =IF(AND($C9<>"",$M9<>""),(VLOOKUP($C9,'V-LOOKUP'!$C$4:$N$59,12,FALSE)),"0") -> 0 | DL9: =IF(AND($C9<>"",$N9<>""),(VLOOKUP($C9,'V-LOOKUP'!$C$4:$M$59,4,FALSE)),"0") -> 0 | DM9: =IF(AND($C9<>"",$N9<>""),(VLOOKUP($C9,'V-LOOKUP'!$C$4:$M$59,5,FALSE)),"0") -> 0 | DN9: =IF(AND($C9<>"",$N9<>""),(VLOOKUP($C9,'V-LOOKUP'!$C$4:$M$59,6,FALSE)),"0") -> 0 | DO9: =IF(AND($C9<>"",$N9<>""),(VLOOKUP($C9,'V-LOOKUP'!$C$4:$M$59,7,FALSE)),"0") -> 0 | DP9: =IF(AND($C9<>"",$N9<>""),(VLOOKUP($C9,'V-LOOKUP'!$C$4:$M$59,8,FALSE)),"0") -> 0 | DQ9: =IF(AND($C9<>"",$N9<>""),(VLOOKUP($C9,'V-LOOKUP'!$C$4:$M$59,9,FALSE)),"0") -> 0 | DR9: =IF(AND($C9<>"",$N9<>""),(VLOOKUP($C9,'V-LOOKUP'!$C$4:$M$59,10,FALSE)),"0") -> 0 | DS9: =IF(AND($C9<>"",$N9<>""),(VLOOKUP($C9,'V-LOOKUP'!$C$4:$M$59,11,FALSE)),"0") -> 0 | DT9: =IF(AND($C9<>"",$N9<>""),(VLOOKUP($C9,'V-LOOKUP'!$C$4:$N$59,12,FALSE)),"0") -> 0 | DU9: =IF(AND($C9<>"",O9<>""),(VLOOKUP($C9,'V-LOOKUP'!$C$4:$M$59,4,FALSE)),"0") -> 0 | DV9: =IF(AND($C9<>"",$O9<>""),(VLOOKUP($C9,'V-LOOKUP'!$C$4:$M$59,5,FALSE)),"0") -> 0 | DW9: =IF(AND($C9<>"",$O9<>""),(VLOOKUP($C9,'V-LOOKUP'!$C$4:$M$59,6,FALSE)),"0") -> 0 | DX9: =IF(AND($C9<>"",$O9<>""),(VLOOKUP($C9,'V-LOOKUP'!$C$4:$M$59,7,FALSE)),"0") -> 0 | DY9: =IF(AND($C9<>"",$O9<>""),(VLOOKUP($C9,'V-LOOKUP'!$C$4:$M$59,8,FALSE)),"0") -> 0 | DZ9: =IF(AND($C9<>"",$O9<>""),(VLOOKUP($C9,'V-LOOKUP'!$C$4:$M$59,9,FALSE)),"0") -> 0 | EA9: =IF(AND($C9<>"",$O9<>""),(VLOOKUP($C9,'V-LOOKUP'!$C$4:$M$59,10,FALSE)),"0") -> 0 | EB9: =IF(AND($C9<>"",$O9<>""),(VLOOKUP($C9,'V-LOOKUP'!$C$4:$M$59,11,FALSE)),"0") -> 0 | EC9: =IF(AND($C9<>"",$O9<>""),(VLOOKUP($C9,'V-LOOKUP'!$C$4:$N$59,12,FALSE)),"0") -> 0 | ED9: =IF(AND($C9<>"",P9<>""),(VLOOKUP($C9,'V-LOOKUP'!$C$4:$M$59,4,FALSE)),"0") -> 0 | EE9: =IF(AND($C9<>"",$P9<>""),(VLOOKUP($C9,'V-LOOKUP'!$C$4:$M$59,5,FALSE)),"0") -> 0 | EF9: =IF(AND($C9<>"",$P9<>""),(VLOOKUP($C9,'V-LOOKUP'!$C$4:$M$59,6,FALSE)),"0") -> 0 | EG9: =IF(AND($C9<>"",$P9<>""),(VLOOKUP($C9,'V-LOOKUP'!$C$4:$M$59,7,FALSE)),"0") -> 0 | EH9: =IF(AND($C9<>"",$P9<>""),(VLOOKUP($C9,'V-LOOKUP'!$C$4:$M$59,8,FALSE)),"0") -> 0 | EI9: =IF(AND($C9<>"",$P9<>""),(VLOOKUP($C9,'V-LOOKUP'!$C$4:$M$59,9,FALSE)),"0") -> 0 | EJ9: =IF(AND($C9<>"",$P9<>""),(VLOOKUP($C9,'V-LOOKUP'!$C$4:$M$59,10,FALSE)),"0") -> 0 | EK9: =IF(AND($C9<>"",$P9<>""),(VLOOKUP($C9,'V-LOOKUP'!$C$4:$M$59,11,FALSE)),"0") -> 0 | EL9: =IF(AND($C9<>"",$P9<>""),(VLOOKUP($C9,'V-LOOKUP'!$C$4:$N$59,12,FALSE)),"0") -> 0 | EM9: =IF(AND($C9<>"",Q9<>""),(VLOOKUP($C9,'V-LOOKUP'!$C$4:$M$59,4,FALSE)),"0") -> 0 | EN9: =IF(AND($C9<>"",$Q9<>""),(VLOOKUP($C9,'V-LOOKUP'!$C$4:$M$59,5,FALSE)),"0") -> 0 | EO9: =IF(AND($C9<>"",$Q9<>""),(VLOOKUP($C9,'V-LOOKUP'!$C$4:$M$59,6,FALSE)),"0") -> 0 | EP9: =IF(AND($C9<>"",$Q9<>""),(VLOOKUP($C9,'V-LOOKUP'!$C$4:$M$59,7,FALSE)),"0") -> 0 | EQ9: =IF(AND($C9<>"",$Q9<>""),(VLOOKUP($C9,'V-LOOKUP'!$C$4:$M$59,8,FALSE)),"0") -> 0 | ER9: =IF(AND($C9<>"",$Q9<>""),(VLOOKUP($C9,'V-LOOKUP'!$C$4:$M$59,9,FALSE)),"0") -> 0 | ES9: =IF(AND($C9<>"",$Q9<>""),(VLOOKUP($C9,'V-LOOKUP'!$C$4:$M$59,10,FALSE)),"0") -> 0 | ET9: =IF(AND($C9<>"",$Q9<>""),(VLOOKUP($C9,'V-LOOKUP'!$C$4:$M$59,11,FALSE)),"0") -> 0 | EU9: =IF(AND($C9<>"",$Q9<>""),(VLOOKUP($C9,'V-LOOKUP'!$C$4:$N$59,12,FALSE)),"0") -> 0 | EV9: =IF(AND($C9<>"",R9<>""),(VLOOKUP($C9,'V-LOOKUP'!$C$4:$M$59,4,FALSE)),"0") -> 0 | EW9: =IF(AND($C9<>"",$R9<>""),(VLOOKUP($C9,'V-LOOKUP'!$C$4:$M$59,5,FALSE)),"0") -> 0 | EX9: =IF(AND($C9<>"",$R9<>""),(VLOOKUP($C9,'V-LOOKUP'!$C$4:$M$59,6,FALSE)),"0") -> 0 | EY9: =IF(AND($C9<>"",$R9<>""),(VLOOKUP($C9,'V-LOOKUP'!$C$4:$M$59,7,FALSE)),"0") -> 0 | EZ9: =IF(AND($C9<>"",$R9<>""),(VLOOKUP($C9,'V-LOOKUP'!$C$4:$M$59,8,FALSE)),"0") -> 0 | FA9: =IF(AND($C9<>"",$R9<>""),(VLOOKUP($C9,'V-LOOKUP'!$C$4:$M$59,9,FALSE)),"0") -> 0 | FB9: =IF(AND($C9<>"",$R9<>""),(VLOOKUP($C9,'V-LOOKUP'!$C$4:$M$59,10,FALSE)),"0") -> 0 | FC9: =IF(AND($C9<>"",$R9<>""),(VLOOKUP($C9,'V-LOOKUP'!$C$4:$M$59,11,FALSE)),"0") -> 0 | FD9: =IF(AND($C9<>"",$R9<>""),(VLOOKUP($C9,'V-LOOKUP'!$C$4:$N$59,12,FALSE)),"0") -> 0 | FE9: =IF(AND($C9<>"",S9<>""),(VLOOKUP($C9,'V-LOOKUP'!$C$4:$M$59,4,FALSE)),"0") -> 0 | FF9: =IF(AND($C9<>"",$S9<>""),(VLOOKUP($C9,'V-LOOKUP'!$C$4:$M$59,5,FALSE)),"0") -> 0 | FG9: =IF(AND($C9<>"",$S9<>""),(VLOOKUP($C9,'V-LOOKUP'!$C$4:$M$59,6,FALSE)),"0") -> 0 | FH9: =IF(AND($C9<>"",$S9<>""),(VLOOKUP($C9,'V-LOOKUP'!$C$4:$M$59,7,FALSE)),"0") -> 0 | FI9: =IF(AND($C9<>"",$S9<>""),(VLOOKUP($C9,'V-LOOKUP'!$C$4:$M$59,8,FALSE)),"0") -> 0 | FJ9: =IF(AND($C9<>"",$S9<>""),(VLOOKUP($C9,'V-LOOKUP'!$C$4:$M$59,9,FALSE)),"0") -> 0 | FK9: =IF(AND($C9<>"",$S9<>""),(VLOOKUP($C9,'V-LOOKUP'!$C$4:$M$59,10,FALSE)),"0") -> 0 | FL9: =IF(AND($C9<>"",$S9<>""),(VLOOKUP($C9,'V-LOOKUP'!$C$4:$M$59,11,FALSE)),"0") -> 0 | FM9: =IF(AND($C9<>"",$S9<>""),(VLOOKUP($C9,'V-LOOKUP'!$C$4:$N$59,12,FALSE)),"0") -> 0 | FN9: =IF(AND($C9<>"",T9<>""),(VLOOKUP($C9,'V-LOOKUP'!$C$4:$M$59,4,FALSE)),"0") -> 0 | FO9: =IF(AND($C9<>"",$T9<>""),(VLOOKUP($C9,'V-LOOKUP'!$C$4:$M$59,5,FALSE)),"0") -> 0 | FP9: =IF(AND($C9<>"",$T9<>""),(VLOOKUP($C9,'V-LOOKUP'!$C$4:$M$59,6,FALSE)),"0") -> 0 | FQ9: =IF(AND($C9<>"",$T9<>""),(VLOOKUP($C9,'V-LOOKUP'!$C$4:$M$59,7,FALSE)),"0") -> 0 | FR9: =IF(AND($C9<>"",$T9<>""),(VLOOKUP($C9,'V-LOOKUP'!$C$4:$M$59,8,FALSE)),"0") -> 0 | FS9: =IF(AND($C9<>"",$T9<>""),(VLOOKUP($C9,'V-LOOKUP'!$C$4:$M$59,9,FALSE)),"0") -> 0 | FT9: =IF(AND($C9<>"",$T9<>""),(VLOOKUP($C9,'V-LOOKUP'!$C$4:$M$59,10,FALSE)),"0") -> 0 | FU9: =IF(AND($C9<>"",$T9<>""),(VLOOKUP($C9,'V-LOOKUP'!$C$4:$M$59,11,FALSE)),"0") -> 0 | FV9: =IF(AND($C9<>"",$T9<>""),(VLOOKUP($C9,'V-LOOKUP'!$C$4:$N$59,12,FALSE)),"0") -> 0 | FW9: =IF(AND($C9<>"",U9<>""),(VLOOKUP($C9,'V-LOOKUP'!$C$4:$M$59,4,FALSE)),"0") -> 0 | FX9: =IF(AND($C9<>"",$U9<>""),(VLOOKUP($C9,'V-LOOKUP'!$C$4:$M$59,5,FALSE)),"0") -> 0 | FY9: =IF(AND($C9<>"",$U9<>""),(VLOOKUP($C9,'V-LOOKUP'!$C$4:$M$59,6,FALSE)),"0") -> 0 | FZ9: =IF(AND($C9<>"",$U9<>""),(VLOOKUP($C9,'V-LOOKUP'!$C$4:$M$59,7,FALSE)),"0") -> 0 | GA9: =IF(AND($C9<>"",$U9<>""),(VLOOKUP($C9,'V-LOOKUP'!$C$4:$M$59,8,FALSE)),"0") -> 0 | GB9: =IF(AND($C9<>"",$U9<>""),(VLOOKUP($C9,'V-LOOKUP'!$C$4:$M$59,9,FALSE)),"0") -> 0 | GC9: =IF(AND($C9<>"",$U9<>""),(VLOOKUP($C9,'V-LOOKUP'!$C$4:$M$59,10,FALSE)),"0") -> 0 | GD9: =IF(AND($C9<>"",$U9<>""),(VLOOKUP($C9,'V-LOOKUP'!$C$4:$M$59,11,FALSE)),"0") -> 0 | GE9: =IF(AND($C9<>"",$U9<>""),(VLOOKUP($C9,'V-LOOKUP'!$C$4:$N$59,12,FALSE)),"0") -> 0 | GF9: =IF(AND($C9<>"",V9<>""),(VLOOKUP($C9,'V-LOOKUP'!$C$4:$M$59,4,FALSE)),"0") -> 0 | GG9: =IF(AND($C9<>"",$V9<>""),(VLOOKUP($C9,'V-LOOKUP'!$C$4:$M$59,5,FALSE)),"0") -> 0 | GH9: =IF(AND($C9<>"",$V9<>""),(VLOOKUP($C9,'V-LOOKUP'!$C$4:$M$59,6,FALSE)),"0") -> 0 | GI9: =IF(AND($C9<>"",$V9<>""),(VLOOKUP($C9,'V-LOOKUP'!$C$4:$M$59,7,FALSE)),"0") -> 0 | GJ9: =IF(AND($C9<>"",$V9<>""),(VLOOKUP($C9,'V-LOOKUP'!$C$4:$M$59,8,FALSE)),"0") -> 0 | GK9: =IF(AND($C9<>"",$V9<>""),(VLOOKUP($C9,'V-LOOKUP'!$C$4:$M$59,9,FALSE)),"0") -> 0 | GL9: =IF(AND($C9<>"",$V9<>""),(VLOOKUP($C9,'V-LOOKUP'!$C$4:$M$59,10,FALSE)),"0") -> 0 | GM9: =IF(AND($C9<>"",$V9<>""),(VLOOKUP($C9,'V-LOOKUP'!$C$4:$M$59,11,FALSE)),"0") -> 0 | GN9: =IF(AND($C9<>"",$V9<>""),(VLOOKUP($C9,'V-LOOKUP'!$C$4:$N$59,12,FALSE)),"0") -> 0 | GO9: =IF(AND($C9<>"",W9<>""),(VLOOKUP($C9,'V-LOOKUP'!$C$4:$M$59,4,FALSE)),"0") -> 0 | GP9: =IF(AND($C9<>"",$W9<>""),(VLOOKUP($C9,'V-LOOKUP'!$C$4:$M$59,5,FALSE)),"0") -> 0 | GQ9: =IF(AND($C9<>"",$W9<>""),(VLOOKUP($C9,'V-LOOKUP'!$C$4:$M$59,6,FALSE)),"0") -> 0 | GR9: =IF(AND($C9<>"",$W9<>""),(VLOOKUP($C9,'V-LOOKUP'!$C$4:$M$59,7,FALSE)),"0") -> 0 | GS9: =IF(AND($C9<>"",$W9<>""),(VLOOKUP($C9,'V-LOOKUP'!$C$4:$M$59,8,FALSE)),"0") -> 0 | GT9: =IF(AND($C9<>"",$W9<>""),(VLOOKUP($C9,'V-LOOKUP'!$C$4:$M$59,9,FALSE)),"0") -> 0 | GU9: =IF(AND($C9<>"",$W9<>""),(VLOOKUP($C9,'V-LOOKUP'!$C$4:$M$59,10,FALSE)),"0") -> 0 | GV9: =IF(AND($C9<>"",$W9<>""),(VLOOKUP($C9,'V-LOOKUP'!$C$4:$M$59,11,FALSE)),"0") -> 0 | GW9: =IF(AND($C9<>"",$W9<>""),(VLOOKUP($C9,'V-LOOKUP'!$C$4:$N$59,12,FALSE)),"0") -> 0
Z10: =IF(AND($C10<>"",$D10<>""),(VLOOKUP($C10,'V-LOOKUP'!$C$4:$M$59,4,FALSE)),"0") -> 0 | AA10: =IF(AND($C10<>"",$D10<>""),(VLOOKUP($C10,'V-LOOKUP'!$C$4:$M$59,5,FALSE)),"0") -> 0 | AB10: =IF(AND($C10<>"",$D10<>""),(VLOOKUP($C10,'V-LOOKUP'!$C$4:$M$59,6,FALSE)),"0") -> 0 | AC10: =IF(AND($C10<>"",$D10<>""),(VLOOKUP($C10,'V-LOOKUP'!$C$4:$M$59,7,FALSE)),"0") -> 0 | AD10: =IF(AND($C10<>"",$D10<>""),(VLOOKUP($C10,'V-LOOKUP'!$C$4:$M$59,8,FALSE)),"0") -> 0 | AE10: =IF(AND($C10<>"",$D10<>""),(VLOOKUP($C10,'V-LOOKUP'!$C$4:$M$59,9,FALSE)),"0") -> 0 | AF10: =IF(AND($C10<>"",$D10<>""),(VLOOKUP($C10,'V-LOOKUP'!$C$4:$M$59,10,FALSE)),"0") -> 0 | AG10: =IF(AND($C10<>"",$D10<>""),(VLOOKUP($C10,'V-LOOKUP'!$C$4:$M$59,11,FALSE)),"0") -> 0 | AH10: =IF(AND($C10<>"",$D10<>""),(VLOOKUP($C10,'V-LOOKUP'!$C$4:$N$59,12,FALSE)),"0") -> 0 | AI10: =IF(AND($C10<>"",E10<>""),(VLOOKUP($C10,'V-LOOKUP'!$C$4:$M$59,4,FALSE)),"0") -> 0 | AJ10: =IF(AND($C10<>"",$E10<>""),(VLOOKUP($C10,'V-LOOKUP'!$C$4:$M$59,5,FALSE)),"0") -> 0 | AK10: =IF(AND($C10<>"",$E10<>""),(VLOOKUP($C10,'V-LOOKUP'!$C$4:$M$59,6,FALSE)),"0") -> 0 | AL10: =IF(AND($C10<>"",$E10<>""),(VLOOKUP($C10,'V-LOOKUP'!$C$4:$M$59,7,FALSE)),"0") -> 0 | AM10: =IF(AND($C10<>"",$E10<>""),(VLOOKUP($C10,'V-LOOKUP'!$C$4:$M$59,8,FALSE)),"0") -> 0 | AN10: =IF(AND($C10<>"",$E10<>""),(VLOOKUP($C10,'V-LOOKUP'!$C$4:$M$59,9,FALSE)),"0") -> 0 | AO10: =IF(AND($C10<>"",$E10<>""),(VLOOKUP($C10,'V-LOOKUP'!$C$4:$M$59,10,FALSE)),"0") -> 0 | AP10: =IF(AND($C10<>"",$E10<>""),(VLOOKUP($C10,'V-LOOKUP'!$C$4:$M$59,11,FALSE)),"0") -> 0 | AQ10: =IF(AND($C10<>"",$E10<>""),(VLOOKUP($C10,'V-LOOKUP'!$C$4:$N$59,12,FALSE)),"0") -> 0 | AR10: =IF(AND($C10<>"",$F10<>""),(VLOOKUP($C10,'V-LOOKUP'!$C$4:$M$59,4,FALSE)),"0") -> 0 | AS10: =IF(AND($C10<>"",$F10<>""),(VLOOKUP($C10,'V-LOOKUP'!$C$4:$M$59,5,FALSE)),"0") -> 0 | AT10: =IF(AND($C10<>"",$F10<>""),(VLOOKUP($C10,'V-LOOKUP'!$C$4:$M$59,6,FALSE)),"0") -> 0 | AU10: =IF(AND($C10<>"",$F10<>""),(VLOOKUP($C10,'V-LOOKUP'!$C$4:$M$59,7,FALSE)),"0") -> 0 | AV10: =IF(AND($C10<>"",$F10<>""),(VLOOKUP($C10,'V-LOOKUP'!$C$4:$M$59,8,FALSE)),"0") -> 0 | AW10: =IF(AND($C10<>"",$F10<>""),(VLOOKUP($C10,'V-LOOKUP'!$C$4:$M$59,9,FALSE)),"0") -> 0 | AX10: =IF(AND($C10<>"",$F10<>""),(VLOOKUP($C10,'V-LOOKUP'!$C$4:$M$59,10,FALSE)),"0") -> 0 | AY10: =IF(AND($C10<>"",$F10<>""),(VLOOKUP($C10,'V-LOOKUP'!$C$4:$M$59,11,FALSE)),"0") -> 0 | AZ10: =IF(AND($C10<>"",$F10<>""),(VLOOKUP($C10,'V-LOOKUP'!$C$4:$N$59,12,FALSE)),"0") -> 0 | BA10: =IF(AND($C10<>"",G10<>""),(VLOOKUP($C10,'V-LOOKUP'!$C$4:$M$59,4,FALSE)),"0") -> 0 | BB10: =IF(AND($C10<>"",$G10<>""),(VLOOKUP($C10,'V-LOOKUP'!$C$4:$M$59,5,FALSE)),"0") -> 0 | BC10: =IF(AND($C10<>"",$G10<>""),(VLOOKUP($C10,'V-LOOKUP'!$C$4:$M$59,6,FALSE)),"0") -> 0 | BD10: =IF(AND($C10<>"",$G10<>""),(VLOOKUP($C10,'V-LOOKUP'!$C$4:$M$59,7,FALSE)),"0") -> 0 | BE10: =IF(AND($C10<>"",$G10<>""),(VLOOKUP($C10,'V-LOOKUP'!$C$4:$M$59,8,FALSE)),"0") -> 0 | BF10: =IF(AND($C10<>"",$G10<>""),(VLOOKUP($C10,'V-LOOKUP'!$C$4:$M$59,9,FALSE)),"0") -> 0 | BG10: =IF(AND($C10<>"",$G10<>""),(VLOOKUP($C10,'V-LOOKUP'!$C$4:$M$59,10,FALSE)),"0") -> 0 | BH10: =IF(AND($C10<>"",$G10<>""),(VLOOKUP($C10,'V-LOOKUP'!$C$4:$M$59,11,FALSE)),"0") -> 0 | BI10: =IF(AND($C10<>"",$G10<>""),(VLOOKUP($C10,'V-LOOKUP'!$C$4:$N$59,12,FALSE)),"0") -> 0 | BJ10: =IF(AND($C10<>"",H10<>""),(VLOOKUP($C10,'V-LOOKUP'!$C$4:$M$59,4,FALSE)),"0") -> 0 | BK10: =IF(AND($C10<>"",$G10<>""),(VLOOKUP($C10,'V-LOOKUP'!$C$4:$M$59,5,FALSE)),"0") -> 0 | BL10: =IF(AND($C10<>"",$H10<>""),(VLOOKUP($C10,'V-LOOKUP'!$C$4:$M$59,6,FALSE)),"0") -> 0 | BM10: =IF(AND($C10<>"",$H10<>""),(VLOOKUP($C10,'V-LOOKUP'!$C$4:$M$59,7,FALSE)),"0") -> 0 | BN10: =IF(AND($C10<>"",$H10<>""),(VLOOKUP($C10,'V-LOOKUP'!$C$4:$M$59,8,FALSE)),"0") -> 0 | BO10: =IF(AND($C10<>"",$H10<>""),(VLOOKUP($C10,'V-LOOKUP'!$C$4:$M$59,9,FALSE)),"0") -> 0 | BP10: =IF(AND($C10<>"",$H10<>""),(VLOOKUP($C10,'V-LOOKUP'!$C$4:$M$59,10,FALSE)),"0") -> 0 | BQ10: =IF(AND($C10<>"",$H10<>""),(VLOOKUP($C10,'V-LOOKUP'!$C$4:$M$59,11,FALSE)),"0") -> 0 | BR10: =IF(AND($C10<>"",$H10<>""),(VLOOKUP($C10,'V-LOOKUP'!$C$4:$N$59,12,FALSE)),"0") -> 0 | BS10: =IF(AND($C10<>"",I10<>""),(VLOOKUP($C10,'V-LOOKUP'!$C$4:$M$59,4,FALSE)),"0") -> 0 | BT10: =IF(AND($C10<>"",$I10<>""),(VLOOKUP($C10,'V-LOOKUP'!$C$4:$M$59,5,FALSE)),"0") -> 0 | BU10: =IF(AND($C10<>"",$I10<>""),(VLOOKUP($C10,'V-LOOKUP'!$C$4:$M$59,6,FALSE)),"0") -> 0 | BV10: =IF(AND($C10<>"",$I10<>""),(VLOOKUP($C10,'V-LOOKUP'!$C$4:$M$59,7,FALSE)),"0") -> 0 | BW10: =IF(AND($C10<>"",$I10<>""),(VLOOKUP($C10,'V-LOOKUP'!$C$4:$M$59,8,FALSE)),"0") -> 0 | BX10: =IF(AND($C10<>"",$I10<>""),(VLOOKUP($C10,'V-LOOKUP'!$C$4:$M$59,9,FALSE)),"0") -> 0 | BY10: =IF(AND($C10<>"",$I10<>""),(VLOOKUP($C10,'V-LOOKUP'!$C$4:$M$59,10,FALSE)),"0") -> 0 | BZ10: =IF(AND($C10<>"",$I10<>""),(VLOOKUP($C10,'V-LOOKUP'!$C$4:$M$59,11,FALSE)),"0") -> 0 | CA10: =IF(AND($C10<>"",$I10<>""),(VLOOKUP($C10,'V-LOOKUP'!$C$4:$N$59,12,FALSE)),"0") -> 0 | CB10: =IF(AND($C10<>"",J10<>""),(VLOOKUP($C10,'V-LOOKUP'!$C$4:$M$59,4,FALSE)),"0") -> 0 | CC10: =IF(AND($C10<>"",$J10<>""),(VLOOKUP($C10,'V-LOOKUP'!$C$4:$M$59,5,FALSE)),"0") -> 0 | CD10: =IF(AND($C10<>"",$J10<>""),(VLOOKUP($C10,'V-LOOKUP'!$C$4:$M$59,6,FALSE)),"0") -> 0 | CE10: =IF(AND($C10<>"",$J10<>""),(VLOOKUP($C10,'V-LOOKUP'!$C$4:$M$59,7,FALSE)),"0") -> 0 | CF10: =IF(AND($C10<>"",$J10<>""),(VLOOKUP($C10,'V-LOOKUP'!$C$4:$M$59,8,FALSE)),"0") -> 0 | CG10: =IF(AND($C10<>"",$J10<>""),(VLOOKUP($C10,'V-LOOKUP'!$C$4:$M$59,9,FALSE)),"0") -> 0 | CH10: =IF(AND($C10<>"",$J10<>""),(VLOOKUP($C10,'V-LOOKUP'!$C$4:$M$59,10,FALSE)),"0") -> 0 | CI10: =IF(AND($C10<>"",$J10<>""),(VLOOKUP($C10,'V-LOOKUP'!$C$4:$M$59,11,FALSE)),"0") -> 0 | CJ10: =IF(AND($C10<>"",$J10<>""),(VLOOKUP($C10,'V-LOOKUP'!$C$4:$N$59,12,FALSE)),"0") -> 0 | CK10: =IF(AND($C10<>"",K10<>""),(VLOOKUP($C10,'V-LOOKUP'!$C$4:$M$59,4,FALSE)),"0") -> 0 | CL10: =IF(AND($C10<>"",$K10<>""),(VLOOKUP($C10,'V-LOOKUP'!$C$4:$M$59,5,FALSE)),"0") -> 0 | CM10: =IF(AND($C10<>"",$K10<>""),(VLOOKUP($C10,'V-LOOKUP'!$C$4:$M$59,6,FALSE)),"0") -> 0 | CN10: =IF(AND($C10<>"",$K10<>""),(VLOOKUP($C10,'V-LOOKUP'!$C$4:$M$59,7,FALSE)),"0") -> 0 | CO10: =IF(AND($C10<>"",$K10<>""),(VLOOKUP($C10,'V-LOOKUP'!$C$4:$M$59,8,FALSE)),"0") -> 0 | CP10: =IF(AND($C10<>"",$K10<>""),(VLOOKUP($C10,'V-LOOKUP'!$C$4:$M$59,9,FALSE)),"0") -> 0 | CQ10: =IF(AND($C10<>"",$K10<>""),(VLOOKUP($C10,'V-LOOKUP'!$C$4:$M$59,10,FALSE)),"0") -> 0 | CR10: =IF(AND($C10<>"",$K10<>""),(VLOOKUP($C10,'V-LOOKUP'!$C$4:$M$59,11,FALSE)),"0") -> 0 | CS10: =IF(AND($C10<>"",$K10<>""),(VLOOKUP($C10,'V-LOOKUP'!$C$4:$N$59,12,FALSE)),"0") -> 0 | CT10: =IF(AND($C10<>"",L10<>""),(VLOOKUP($C10,'V-LOOKUP'!$C$4:$M$59,4,FALSE)),"0") -> 0 | CU10: =IF(AND($C10<>"",$L10<>""),(VLOOKUP($C10,'V-LOOKUP'!$C$4:$M$59,5,FALSE)),"0") -> 0 | CV10: =IF(AND($C10<>"",$L10<>""),(VLOOKUP($C10,'V-LOOKUP'!$C$4:$M$59,6,FALSE)),"0") -> 0 | CW10: =IF(AND($C10<>"",$L10<>""),(VLOOKUP($C10,'V-LOOKUP'!$C$4:$M$59,7,FALSE)),"0") -> 0 | CX10: =IF(AND($C10<>"",$L10<>""),(VLOOKUP($C10,'V-LOOKUP'!$C$4:$M$59,8,FALSE)),"0") -> 0 | CY10: =IF(AND($C10<>"",$L10<>""),(VLOOKUP($C10,'V-LOOKUP'!$C$4:$M$59,9,FALSE)),"0") -> 0 | CZ10: =IF(AND($C10<>"",$L10<>""),(VLOOKUP($C10,'V-LOOKUP'!$C$4:$M$59,10,FALSE)),"0") -> 0 | DA10: =IF(AND($C10<>"",$L10<>""),(VLOOKUP($C10,'V-LOOKUP'!$C$4:$M$59,11,FALSE)),"0") -> 0 | DB10: =IF(AND($C10<>"",$L10<>""),(VLOOKUP($C10,'V-LOOKUP'!$C$4:$N$59,12,FALSE)),"0") -> 0 | DC10: =IF(AND($C10<>"",M10<>""),(VLOOKUP($C10,'V-LOOKUP'!$C$4:$M$59,4,FALSE)),"0") -> 0 | DD10: =IF(AND($C10<>"",$M10<>""),(VLOOKUP($C10,'V-LOOKUP'!$C$4:$M$59,5,FALSE)),"0") -> 0 | DE10: =IF(AND($C10<>"",$M10<>""),(VLOOKUP($C10,'V-LOOKUP'!$C$4:$M$59,6,FALSE)),"0") -> 0 | DF10: =IF(AND($C10<>"",$M10<>""),(VLOOKUP($C10,'V-LOOKUP'!$C$4:$M$59,7,FALSE)),"0") -> 0 | DG10: =IF(AND($C10<>"",$M10<>""),(VLOOKUP($C10,'V-LOOKUP'!$C$4:$M$59,8,FALSE)),"0") -> 0 | DH10: =IF(AND($C10<>"",$M10<>""),(VLOOKUP($C10,'V-LOOKUP'!$C$4:$M$59,9,FALSE)),"0") -> 0 | DI10: =IF(AND($C10<>"",$M10<>""),(VLOOKUP($C10,'V-LOOKUP'!$C$4:$M$59,10,FALSE)),"0") -> 0 | DJ10: =IF(AND($C10<>"",$M10<>""),(VLOOKUP($C10,'V-LOOKUP'!$C$4:$M$59,11,FALSE)),"0") -> 0 | DK10: =IF(AND($C10<>"",$M10<>""),(VLOOKUP($C10,'V-LOOKUP'!$C$4:$N$59,12,FALSE)),"0") -> 0 | DL10: =IF(AND($C10<>"",$N10<>""),(VLOOKUP($C10,'V-LOOKUP'!$C$4:$M$59,4,FALSE)),"0") -> 0 | DM10: =IF(AND($C10<>"",$N10<>""),(VLOOKUP($C10,'V-LOOKUP'!$C$4:$M$59,5,FALSE)),"0") -> 0 | DN10: =IF(AND($C10<>"",$N10<>""),(VLOOKUP($C10,'V-LOOKUP'!$C$4:$M$59,6,FALSE)),"0") -> 0 | DO10: =IF(AND($C10<>"",$N10<>""),(VLOOKUP($C10,'V-LOOKUP'!$C$4:$M$59,7,FALSE)),"0") -> 0 | DP10: =IF(AND($C10<>"",$N10<>""),(VLOOKUP($C10,'V-LOOKUP'!$C$4:$M$59,8,FALSE)),"0") -> 0 | DQ10: =IF(AND($C10<>"",$N10<>""),(VLOOKUP($C10,'V-LOOKUP'!$C$4:$M$59,9,FALSE)),"0") -> 0 | DR10: =IF(AND($C10<>"",$N10<>""),(VLOOKUP($C10,'V-LOOKUP'!$C$4:$M$59,10,FALSE)),"0") -> 0 | DS10: =IF(AND($C10<>"",$N10<>""),(VLOOKUP($C10,'V-LOOKUP'!$C$4:$M$59,11,FALSE)),"0") -> 0 | DT10: =IF(AND($C10<>"",$N10<>""),(VLOOKUP($C10,'V-LOOKUP'!$C$4:$N$59,12,FALSE)),"0") -> 0 | DU10: =IF(AND($C10<>"",O10<>""),(VLOOKUP($C10,'V-LOOKUP'!$C$4:$M$59,4,FALSE)),"0") -> 0 | DV10: =IF(AND($C10<>"",$O10<>""),(VLOOKUP($C10,'V-LOOKUP'!$C$4:$M$59,5,FALSE)),"0") -> 0 | DW10: =IF(AND($C10<>"",$O10<>""),(VLOOKUP($C10,'V-LOOKUP'!$C$4:$M$59,6,FALSE)),"0") -> 0 | DX10: =IF(AND($C10<>"",$O10<>""),(VLOOKUP($C10,'V-LOOKUP'!$C$4:$M$59,7,FALSE)),"0") -> 0 | DY10: =IF(AND($C10<>"",$O10<>""),(VLOOKUP($C10,'V-LOOKUP'!$C$4:$M$59,8,FALSE)),"0") -> 0 | DZ10: =IF(AND($C10<>"",$O10<>""),(VLOOKUP($C10,'V-LOOKUP'!$C$4:$M$59,9,FALSE)),"0") -> 0 | EA10: =IF(AND($C10<>"",$O10<>""),(VLOOKUP($C10,'V-LOOKUP'!$C$4:$M$59,10,FALSE)),"0") -> 0 | EB10: =IF(AND($C10<>"",$O10<>""),(VLOOKUP($C10,'V-LOOKUP'!$C$4:$M$59,11,FALSE)),"0") -> 0 | EC10: =IF(AND($C10<>"",$O10<>""),(VLOOKUP($C10,'V-LOOKUP'!$C$4:$N$59,12,FALSE)),"0") -> 0 | ED10: =IF(AND($C10<>"",P10<>""),(VLOOKUP($C10,'V-LOOKUP'!$C$4:$M$59,4,FALSE)),"0") -> 0 | EE10: =IF(AND($C10<>"",$P10<>""),(VLOOKUP($C10,'V-LOOKUP'!$C$4:$M$59,5,FALSE)),"0") -> 0 | EF10: =IF(AND($C10<>"",$P10<>""),(VLOOKUP($C10,'V-LOOKUP'!$C$4:$M$59,6,FALSE)),"0") -> 0 | EG10: =IF(AND($C10<>"",$P10<>""),(VLOOKUP($C10,'V-LOOKUP'!$C$4:$M$59,7,FALSE)),"0") -> 0 | EH10: =IF(AND($C10<>"",$P10<>""),(VLOOKUP($C10,'V-LOOKUP'!$C$4:$M$59,8,FALSE)),"0") -> 0 | EI10: =IF(AND($C10<>"",$P10<>""),(VLOOKUP($C10,'V-LOOKUP'!$C$4:$M$59,9,FALSE)),"0") -> 0 | EJ10: =IF(AND($C10<>"",$P10<>""),(VLOOKUP($C10,'V-LOOKUP'!$C$4:$M$59,10,FALSE)),"0") -> 0 | EK10: =IF(AND($C10<>"",$P10<>""),(VLOOKUP($C10,'V-LOOKUP'!$C$4:$M$59,11,FALSE)),"0") -> 0 | EL10: =IF(AND($C10<>"",$P10<>""),(VLOOKUP($C10,'V-LOOKUP'!$C$4:$N$59,12,FALSE)),"0") -> 0 | EM10: =IF(AND($C10<>"",Q10<>""),(VLOOKUP($C10,'V-LOOKUP'!$C$4:$M$59,4,FALSE)),"0") -> 0 | EN10: =IF(AND($C10<>"",$Q10<>""),(VLOOKUP($C10,'V-LOOKUP'!$C$4:$M$59,5,FALSE)),"0") -> 0 | EO10: =IF(AND($C10<>"",$Q10<>""),(VLOOKUP($C10,'V-LOOKUP'!$C$4:$M$59,6,FALSE)),"0") -> 0 | EP10: =IF(AND($C10<>"",$Q10<>""),(VLOOKUP($C10,'V-LOOKUP'!$C$4:$M$59,7,FALSE)),"0") -> 0 | EQ10: =IF(AND($C10<>"",$Q10<>""),(VLOOKUP($C10,'V-LOOKUP'!$C$4:$M$59,8,FALSE)),"0") -> 0 | ER10: =IF(AND($C10<>"",$Q10<>""),(VLOOKUP($C10,'V-LOOKUP'!$C$4:$M$59,9,FALSE)),"0") -> 0 | ES10: =IF(AND($C10<>"",$Q10<>""),(VLOOKUP($C10,'V-LOOKUP'!$C$4:$M$59,10,FALSE)),"0") -> 0 | ET10: =IF(AND($C10<>"",$Q10<>""),(VLOOKUP($C10,'V-LOOKUP'!$C$4:$M$59,11,FALSE)),"0") -> 0 | EU10: =IF(AND($C10<>"",$Q10<>""),(VLOOKUP($C10,'V-LOOKUP'!$C$4:$N$59,12,FALSE)),"0") -> 0 | EV10: =IF(AND($C10<>"",R10<>""),(VLOOKUP($C10,'V-LOOKUP'!$C$4:$M$59,4,FALSE)),"0") -> 0 | EW10: =IF(AND($C10<>"",$R10<>""),(VLOOKUP($C10,'V-LOOKUP'!$C$4:$M$59,5,FALSE)),"0") -> 0 | EX10: =IF(AND($C10<>"",$R10<>""),(VLOOKUP($C10,'V-LOOKUP'!$C$4:$M$59,6,FALSE)),"0") -> 0 | EY10: =IF(AND($C10<>"",$R10<>""),(VLOOKUP($C10,'V-LOOKUP'!$C$4:$M$59,7,FALSE)),"0") -> 0 | EZ10: =IF(AND($C10<>"",$R10<>""),(VLOOKUP($C10,'V-LOOKUP'!$C$4:$M$59,8,FALSE)),"0") -> 0 | FA10: =IF(AND($C10<>"",$R10<>""),(VLOOKUP($C10,'V-LOOKUP'!$C$4:$M$59,9,FALSE)),"0") -> 0 | FB10: =IF(AND($C10<>"",$R10<>""),(VLOOKUP($C10,'V-LOOKUP'!$C$4:$M$59,10,FALSE)),"0") -> 0 | FC10: =IF(AND($C10<>"",$R10<>""),(VLOOKUP($C10,'V-LOOKUP'!$C$4:$M$59,11,FALSE)),"0") -> 0 | FD10: =IF(AND($C10<>"",$R10<>""),(VLOOKUP($C10,'V-LOOKUP'!$C$4:$N$59,12,FALSE)),"0") -> 0 | FE10: =IF(AND($C10<>"",S10<>""),(VLOOKUP($C10,'V-LOOKUP'!$C$4:$M$59,4,FALSE)),"0") -> 0 | FF10: =IF(AND($C10<>"",$S10<>""),(VLOOKUP($C10,'V-LOOKUP'!$C$4:$M$59,5,FALSE)),"0") -> 0 | FG10: =IF(AND($C10<>"",$S10<>""),(VLOOKUP($C10,'V-LOOKUP'!$C$4:$M$59,6,FALSE)),"0") -> 0 | FH10: =IF(AND($C10<>"",$S10<>""),(VLOOKUP($C10,'V-LOOKUP'!$C$4:$M$59,7,FALSE)),"0") -> 0 | FI10: =IF(AND($C10<>"",$S10<>""),(VLOOKUP($C10,'V-LOOKUP'!$C$4:$M$59,8,FALSE)),"0") -> 0 | FJ10: =IF(AND($C10<>"",$S10<>""),(VLOOKUP($C10,'V-LOOKUP'!$C$4:$M$59,9,FALSE)),"0") -> 0 | FK10: =IF(AND($C10<>"",$S10<>""),(VLOOKUP($C10,'V-LOOKUP'!$C$4:$M$59,10,FALSE)),"0") -> 0 | FL10: =IF(AND($C10<>"",$S10<>""),(VLOOKUP($C10,'V-LOOKUP'!$C$4:$M$59,11,FALSE)),"0") -> 0 | FM10: =IF(AND($C10<>"",$S10<>""),(VLOOKUP($C10,'V-LOOKUP'!$C$4:$N$59,12,FALSE)),"0") -> 0 | FN10: =IF(AND($C10<>"",T10<>""),(VLOOKUP($C10,'V-LOOKUP'!$C$4:$M$59,4,FALSE)),"0") -> 0 | FO10: =IF(AND($C10<>"",$T10<>""),(VLOOKUP($C10,'V-LOOKUP'!$C$4:$M$59,5,FALSE)),"0") -> 0 | FP10: =IF(AND($C10<>"",$T10<>""),(VLOOKUP($C10,'V-LOOKUP'!$C$4:$M$59,6,FALSE)),"0") -> 0 | FQ10: =IF(AND($C10<>"",$T10<>""),(VLOOKUP($C10,'V-LOOKUP'!$C$4:$M$59,7,FALSE)),"0") -> 0 | FR10: =IF(AND($C10<>"",$T10<>""),(VLOOKUP($C10,'V-LOOKUP'!$C$4:$M$59,8,FALSE)),"0") -> 0 | FS10: =IF(AND($C10<>"",$T10<>""),(VLOOKUP($C10,'V-LOOKUP'!$C$4:$M$59,9,FALSE)),"0") -> 0 | FT10: =IF(AND($C10<>"",$T10<>""),(VLOOKUP($C10,'V-LOOKUP'!$C$4:$M$59,10,FALSE)),"0") -> 0 | FU10: =IF(AND($C10<>"",$T10<>""),(VLOOKUP($C10,'V-LOOKUP'!$C$4:$M$59,11,FALSE)),"0") -> 0 | FV10: =IF(AND($C10<>"",$T10<>""),(VLOOKUP($C10,'V-LOOKUP'!$C$4:$N$59,12,FALSE)),"0") -> 0 | FW10: =IF(AND($C10<>"",U10<>""),(VLOOKUP($C10,'V-LOOKUP'!$C$4:$M$59,4,FALSE)),"0") -> 0 | FX10: =IF(AND($C10<>"",$U10<>""),(VLOOKUP($C10,'V-LOOKUP'!$C$4:$M$59,5,FALSE)),"0") -> 0 | FY10: =IF(AND($C10<>"",$U10<>""),(VLOOKUP($C10,'V-LOOKUP'!$C$4:$M$59,6,FALSE)),"0") -> 0 | FZ10: =IF(AND($C10<>"",$U10<>""),(VLOOKUP($C10,'V-LOOKUP'!$C$4:$M$59,7,FALSE)),"0") -> 0 | GA10: =IF(AND($C10<>"",$U10<>""),(VLOOKUP($C10,'V-LOOKUP'!$C$4:$M$59,8,FALSE)),"0") -> 0 | GB10: =IF(AND($C10<>"",$U10<>""),(VLOOKUP($C10,'V-LOOKUP'!$C$4:$M$59,9,FALSE)),"0") -> 0 | GC10: =IF(AND($C10<>"",$U10<>""),(VLOOKUP($C10,'V-LOOKUP'!$C$4:$M$59,10,FALSE)),"0") -> 0 | GD10: =IF(AND($C10<>"",$U10<>""),(VLOOKUP($C10,'V-LOOKUP'!$C$4:$M$59,11,FALSE)),"0") -> 0 | GE10: =IF(AND($C10<>"",$U10<>""),(VLOOKUP($C10,'V-LOOKUP'!$C$4:$N$59,12,FALSE)),"0") -> 0 | GF10: =IF(AND($C10<>"",V10<>""),(VLOOKUP($C10,'V-LOOKUP'!$C$4:$M$59,4,FALSE)),"0") -> 0 | GG10: =IF(AND($C10<>"",$V10<>""),(VLOOKUP($C10,'V-LOOKUP'!$C$4:$M$59,5,FALSE)),"0") -> 0 | GH10: =IF(AND($C10<>"",$V10<>""),(VLOOKUP($C10,'V-LOOKUP'!$C$4:$M$59,6,FALSE)),"0") -> 0 | GI10: =IF(AND($C10<>"",$V10<>""),(VLOOKUP($C10,'V-LOOKUP'!$C$4:$M$59,7,FALSE)),"0") -> 0 | GJ10: =IF(AND($C10<>"",$V10<>""),(VLOOKUP($C10,'V-LOOKUP'!$C$4:$M$59,8,FALSE)),"0") -> 0 | GK10: =IF(AND($C10<>"",$V10<>""),(VLOOKUP($C10,'V-LOOKUP'!$C$4:$M$59,9,FALSE)),"0") -> 0 | GL10: =IF(AND($C10<>"",$V10<>""),(VLOOKUP($C10,'V-LOOKUP'!$C$4:$M$59,10,FALSE)),"0") -> 0 | GM10: =IF(AND($C10<>"",$V10<>""),(VLOOKUP($C10,'V-LOOKUP'!$C$4:$M$59,11,FALSE)),"0") -> 0 | GN10: =IF(AND($C10<>"",$V10<>""),(VLOOKUP($C10,'V-LOOKUP'!$C$4:$N$59,12,FALSE)),"0") -> 0 | GO10: =IF(AND($C10<>"",W10<>""),(VLOOKUP($C10,'V-LOOKUP'!$C$4:$M$59,4,FALSE)),"0") -> 0 | GP10: =IF(AND($C10<>"",$W10<>""),(VLOOKUP($C10,'V-LOOKUP'!$C$4:$M$59,5,FALSE)),"0") -> 0 | GQ10: =IF(AND($C10<>"",$W10<>""),(VLOOKUP($C10,'V-LOOKUP'!$C$4:$M$59,6,FALSE)),"0") -> 0 | GR10: =IF(AND($C10<>"",$W10<>""),(VLOOKUP($C10,'V-LOOKUP'!$C$4:$M$59,7,FALSE)),"0") -> 0 | GS10: =IF(AND($C10<>"",$W10<>""),(VLOOKUP($C10,'V-LOOKUP'!$C$4:$M$59,8,FALSE)),"0") -> 0 | GT10: =IF(AND($C10<>"",$W10<>""),(VLOOKUP($C10,'V-LOOKUP'!$C$4:$M$59,9,FALSE)),"0") -> 0 | GU10: =IF(AND($C10<>"",$W10<>""),(VLOOKUP($C10,'V-LOOKUP'!$C$4:$M$59,10,FALSE)),"0") -> 0 | GV10: =IF(AND($C10<>"",$W10<>""),(VLOOKUP($C10,'V-LOOKUP'!$C$4:$M$59,11,FALSE)),"0") -> 0 | GW10: =IF(AND($C10<>"",$W10<>""),(VLOOKUP($C10,'V-LOOKUP'!$C$4:$N$59,12,FALSE)),"0") -> 0
Z11: =IF(AND($C11<>"",$D11<>""),(VLOOKUP($C11,'V-LOOKUP'!$C$4:$M$59,4,FALSE)),"0") -> 0 | AA11: =IF(AND($C11<>"",$D11<>""),(VLOOKUP($C11,'V-LOOKUP'!$C$4:$M$59,5,FALSE)),"0") -> 0 | AB11: =IF(AND($C11<>"",$D11<>""),(VLOOKUP($C11,'V-LOOKUP'!$C$4:$M$59,6,FALSE)),"0") -> 0 | AC11: =IF(AND($C11<>"",$D11<>""),(VLOOKUP($C11,'V-LOOKUP'!$C$4:$M$59,7,FALSE)),"0") -> 0 | AD11: =IF(AND($C11<>"",$D11<>""),(VLOOKUP($C11,'V-LOOKUP'!$C$4:$M$59,8,FALSE)),"0") -> 0 | AE11: =IF(AND($C11<>"",$D11<>""),(VLOOKUP($C11,'V-LOOKUP'!$C$4:$M$59,9,FALSE)),"0") -> 0 | AF11: =IF(AND($C11<>"",$D11<>""),(VLOOKUP($C11,'V-LOOKUP'!$C$4:$M$59,10,FALSE)),"0") -> 0 | AG11: =IF(AND($C11<>"",$D11<>""),(VLOOKUP($C11,'V-LOOKUP'!$C$4:$M$59,11,FALSE)),"0") -> 0 | AH11: =IF(AND($C11<>"",$D11<>""),(VLOOKUP($C11,'V-LOOKUP'!$C$4:$N$59,12,FALSE)),"0") -> 0 | AI11: =IF(AND($C11<>"",E11<>""),(VLOOKUP($C11,'V-LOOKUP'!$C$4:$M$59,4,FALSE)),"0") -> 0 | AJ11: =IF(AND($C11<>"",$E11<>""),(VLOOKUP($C11,'V-LOOKUP'!$C$4:$M$59,5,FALSE)),"0") -> 0 | AK11: =IF(AND($C11<>"",$E11<>""),(VLOOKUP($C11,'V-LOOKUP'!$C$4:$M$59,6,FALSE)),"0") -> 0 | AL11: =IF(AND($C11<>"",$E11<>""),(VLOOKUP($C11,'V-LOOKUP'!$C$4:$M$59,7,FALSE)),"0") -> 0 | AM11: =IF(AND($C11<>"",$E11<>""),(VLOOKUP($C11,'V-LOOKUP'!$C$4:$M$59,8,FALSE)),"0") -> 0 | AN11: =IF(AND($C11<>"",$E11<>""),(VLOOKUP($C11,'V-LOOKUP'!$C$4:$M$59,9,FALSE)),"0") -> 0 | AO11: =IF(AND($C11<>"",$E11<>""),(VLOOKUP($C11,'V-LOOKUP'!$C$4:$M$59,10,FALSE)),"0") -> 0 | AP11: =IF(AND($C11<>"",$E11<>""),(VLOOKUP($C11,'V-LOOKUP'!$C$4:$M$59,11,FALSE)),"0") -> 0 | AQ11: =IF(AND($C11<>"",$E11<>""),(VLOOKUP($C11,'V-LOOKUP'!$C$4:$N$59,12,FALSE)),"0") -> 0 | AR11: =IF(AND($C11<>"",$F11<>""),(VLOOKUP($C11,'V-LOOKUP'!$C$4:$M$59,4,FALSE)),"0") -> 0 | AS11: =IF(AND($C11<>"",$F11<>""),(VLOOKUP($C11,'V-LOOKUP'!$C$4:$M$59,5,FALSE)),"0") -> 0 | AT11: =IF(AND($C11<>"",$F11<>""),(VLOOKUP($C11,'V-LOOKUP'!$C$4:$M$59,6,FALSE)),"0") -> 0 | AU11: =IF(AND($C11<>"",$F11<>""),(VLOOKUP($C11,'V-LOOKUP'!$C$4:$M$59,7,FALSE)),"0") -> 0 | AV11: =IF(AND($C11<>"",$F11<>""),(VLOOKUP($C11,'V-LOOKUP'!$C$4:$M$59,8,FALSE)),"0") -> 0 | AW11: =IF(AND($C11<>"",$F11<>""),(VLOOKUP($C11,'V-LOOKUP'!$C$4:$M$59,9,FALSE)),"0") -> 0 | AX11: =IF(AND($C11<>"",$F11<>""),(VLOOKUP($C11,'V-LOOKUP'!$C$4:$M$59,10,FALSE)),"0") -> 0 | AY11: =IF(AND($C11<>"",$F11<>""),(VLOOKUP($C11,'V-LOOKUP'!$C$4:$M$59,11,FALSE)),"0") -> 0 | AZ11: =IF(AND($C11<>"",$F11<>""),(VLOOKUP($C11,'V-LOOKUP'!$C$4:$N$59,12,FALSE)),"0") -> 0 | BA11: =IF(AND($C11<>"",G11<>""),(VLOOKUP($C11,'V-LOOKUP'!$C$4:$M$59,4,FALSE)),"0") -> 0 | BB11: =IF(AND($C11<>"",$G11<>""),(VLOOKUP($C11,'V-LOOKUP'!$C$4:$M$59,5,FALSE)),"0") -> 0 | BC11: =IF(AND($C11<>"",$G11<>""),(VLOOKUP($C11,'V-LOOKUP'!$C$4:$M$59,6,FALSE)),"0") -> 0 | BD11: =IF(AND($C11<>"",$G11<>""),(VLOOKUP($C11,'V-LOOKUP'!$C$4:$M$59,7,FALSE)),"0") -> 0 | BE11: =IF(AND($C11<>"",$G11<>""),(VLOOKUP($C11,'V-LOOKUP'!$C$4:$M$59,8,FALSE)),"0") -> 0 | BF11: =IF(AND($C11<>"",$G11<>""),(VLOOKUP($C11,'V-LOOKUP'!$C$4:$M$59,9,FALSE)),"0") -> 0 | BG11: =IF(AND($C11<>"",$G11<>""),(VLOOKUP($C11,'V-LOOKUP'!$C$4:$M$59,10,FALSE)),"0") -> 0 | BH11: =IF(AND($C11<>"",$G11<>""),(VLOOKUP($C11,'V-LOOKUP'!$C$4:$M$59,11,FALSE)),"0") -> 0 | BI11: =IF(AND($C11<>"",$G11<>""),(VLOOKUP($C11,'V-LOOKUP'!$C$4:$N$59,12,FALSE)),"0") -> 0 | BJ11: =IF(AND($C11<>"",H11<>""),(VLOOKUP($C11,'V-LOOKUP'!$C$4:$M$59,4,FALSE)),"0") -> 0 | BK11: =IF(AND($C11<>"",$G11<>""),(VLOOKUP($C11,'V-LOOKUP'!$C$4:$M$59,5,FALSE)),"0") -> 0 | BL11: =IF(AND($C11<>"",$H11<>""),(VLOOKUP($C11,'V-LOOKUP'!$C$4:$M$59,6,FALSE)),"0") -> 0 | BM11: =IF(AND($C11<>"",$H11<>""),(VLOOKUP($C11,'V-LOOKUP'!$C$4:$M$59,7,FALSE)),"0") -> 0 | BN11: =IF(AND($C11<>"",$H11<>""),(VLOOKUP($C11,'V-LOOKUP'!$C$4:$M$59,8,FALSE)),"0") -> 0 | BO11: =IF(AND($C11<>"",$H11<>""),(VLOOKUP($C11,'V-LOOKUP'!$C$4:$M$59,9,FALSE)),"0") -> 0 | BP11: =IF(AND($C11<>"",$H11<>""),(VLOOKUP($C11,'V-LOOKUP'!$C$4:$M$59,10,FALSE)),"0") -> 0 | BQ11: =IF(AND($C11<>"",$H11<>""),(VLOOKUP($C11,'V-LOOKUP'!$C$4:$M$59,11,FALSE)),"0") -> 0 | BR11: =IF(AND($C11<>"",$H11<>""),(VLOOKUP($C11,'V-LOOKUP'!$C$4:$N$59,12,FALSE)),"0") -> 0 | BS11: =IF(AND($C11<>"",I11<>""),(VLOOKUP($C11,'V-LOOKUP'!$C$4:$M$59,4,FALSE)),"0") -> 0 | BT11: =IF(AND($C11<>"",$I11<>""),(VLOOKUP($C11,'V-LOOKUP'!$C$4:$M$59,5,FALSE)),"0") -> 0 | BU11: =IF(AND($C11<>"",$I11<>""),(VLOOKUP($C11,'V-LOOKUP'!$C$4:$M$59,6,FALSE)),"0") -> 0 | BV11: =IF(AND($C11<>"",$I11<>""),(VLOOKUP($C11,'V-LOOKUP'!$C$4:$M$59,7,FALSE)),"0") -> 0 | BW11: =IF(AND($C11<>"",$I11<>""),(VLOOKUP($C11,'V-LOOKUP'!$C$4:$M$59,8,FALSE)),"0") -> 0 | BX11: =IF(AND($C11<>"",$I11<>""),(VLOOKUP($C11,'V-LOOKUP'!$C$4:$M$59,9,FALSE)),"0") -> 0 | BY11: =IF(AND($C11<>"",$I11<>""),(VLOOKUP($C11,'V-LOOKUP'!$C$4:$M$59,10,FALSE)),"0") -> 0 | BZ11: =IF(AND($C11<>"",$I11<>""),(VLOOKUP($C11,'V-LOOKUP'!$C$4:$M$59,11,FALSE)),"0") -> 0 | CA11: =IF(AND($C11<>"",$I11<>""),(VLOOKUP($C11,'V-LOOKUP'!$C$4:$N$59,12,FALSE)),"0") -> 0 | CB11: =IF(AND($C11<>"",J11<>""),(VLOOKUP($C11,'V-LOOKUP'!$C$4:$M$59,4,FALSE)),"0") -> 0 | CC11: =IF(AND($C11<>"",$J11<>""),(VLOOKUP($C11,'V-LOOKUP'!$C$4:$M$59,5,FALSE)),"0") -> 0 | CD11: =IF(AND($C11<>"",$J11<>""),(VLOOKUP($C11,'V-LOOKUP'!$C$4:$M$59,6,FALSE)),"0") -> 0 | CE11: =IF(AND($C11<>"",$J11<>""),(VLOOKUP($C11,'V-LOOKUP'!$C$4:$M$59,7,FALSE)),"0") -> 0 | CF11: =IF(AND($C11<>"",$J11<>""),(VLOOKUP($C11,'V-LOOKUP'!$C$4:$M$59,8,FALSE)),"0") -> 0 | CG11: =IF(AND($C11<>"",$J11<>""),(VLOOKUP($C11,'V-LOOKUP'!$C$4:$M$59,9,FALSE)),"0") -> 0 | CH11: =IF(AND($C11<>"",$J11<>""),(VLOOKUP($C11,'V-LOOKUP'!$C$4:$M$59,10,FALSE)),"0") -> 0 | CI11: =IF(AND($C11<>"",$J11<>""),(VLOOKUP($C11,'V-LOOKUP'!$C$4:$M$59,11,FALSE)),"0") -> 0 | CJ11: =IF(AND($C11<>"",$J11<>""),(VLOOKUP($C11,'V-LOOKUP'!$C$4:$N$59,12,FALSE)),"0") -> 0 | CK11: =IF(AND($C11<>"",K11<>""),(VLOOKUP($C11,'V-LOOKUP'!$C$4:$M$59,4,FALSE)),"0") -> 0 | CL11: =IF(AND($C11<>"",$K11<>""),(VLOOKUP($C11,'V-LOOKUP'!$C$4:$M$59,5,FALSE)),"0") -> 0 | CM11: =IF(AND($C11<>"",$K11<>""),(VLOOKUP($C11,'V-LOOKUP'!$C$4:$M$59,6,FALSE)),"0") -> 0 | CN11: =IF(AND($C11<>"",$K11<>""),(VLOOKUP($C11,'V-LOOKUP'!$C$4:$M$59,7,FALSE)),"0") -> 0 | CO11: =IF(AND($C11<>"",$K11<>""),(VLOOKUP($C11,'V-LOOKUP'!$C$4:$M$59,8,FALSE)),"0") -> 0 | CP11: =IF(AND($C11<>"",$K11<>""),(VLOOKUP($C11,'V-LOOKUP'!$C$4:$M$59,9,FALSE)),"0") -> 0 | CQ11: =IF(AND($C11<>"",$K11<>""),(VLOOKUP($C11,'V-LOOKUP'!$C$4:$M$59,10,FALSE)),"0") -> 0 | CR11: =IF(AND($C11<>"",$K11<>""),(VLOOKUP($C11,'V-LOOKUP'!$C$4:$M$59,11,FALSE)),"0") -> 0 | CS11: =IF(AND($C11<>"",$K11<>""),(VLOOKUP($C11,'V-LOOKUP'!$C$4:$N$59,12,FALSE)),"0") -> 0 | CT11: =IF(AND($C11<>"",L11<>""),(VLOOKUP($C11,'V-LOOKUP'!$C$4:$M$59,4,FALSE)),"0") -> 0 | CU11: =IF(AND($C11<>"",$L11<>""),(VLOOKUP($C11,'V-LOOKUP'!$C$4:$M$59,5,FALSE)),"0") -> 0 | CV11: =IF(AND($C11<>"",$L11<>""),(VLOOKUP($C11,'V-LOOKUP'!$C$4:$M$59,6,FALSE)),"0") -> 0 | CW11: =IF(AND($C11<>"",$L11<>""),(VLOOKUP($C11,'V-LOOKUP'!$C$4:$M$59,7,FALSE)),"0") -> 0 | CX11: =IF(AND($C11<>"",$L11<>""),(VLOOKUP($C11,'V-LOOKUP'!$C$4:$M$59,8,FALSE)),"0") -> 0 | CY11: =IF(AND($C11<>"",$L11<>""),(VLOOKUP($C11,'V-LOOKUP'!$C$4:$M$59,9,FALSE)),"0") -> 0 | CZ11: =IF(AND($C11<>"",$L11<>""),(VLOOKUP($C11,'V-LOOKUP'!$C$4:$M$59,10,FALSE)),"0") -> 0 | DA11: =IF(AND($C11<>"",$L11<>""),(VLOOKUP($C11,'V-LOOKUP'!$C$4:$M$59,11,FALSE)),"0") -> 0 | DB11: =IF(AND($C11<>"",$L11<>""),(VLOOKUP($C11,'V-LOOKUP'!$C$4:$N$59,12,FALSE)),"0") -> 0 | DC11: =IF(AND($C11<>"",M11<>""),(VLOOKUP($C11,'V-LOOKUP'!$C$4:$M$59,4,FALSE)),"0") -> 0 | DD11: =IF(AND($C11<>"",$M11<>""),(VLOOKUP($C11,'V-LOOKUP'!$C$4:$M$59,5,FALSE)),"0") -> 0 | DE11: =IF(AND($C11<>"",$M11<>""),(VLOOKUP($C11,'V-LOOKUP'!$C$4:$M$59,6,FALSE)),"0") -> 0 | DF11: =IF(AND($C11<>"",$M11<>""),(VLOOKUP($C11,'V-LOOKUP'!$C$4:$M$59,7,FALSE)),"0") -> 0 | DG11: =IF(AND($C11<>"",$M11<>""),(VLOOKUP($C11,'V-LOOKUP'!$C$4:$M$59,8,FALSE)),"0") -> 0 | DH11: =IF(AND($C11<>"",$M11<>""),(VLOOKUP($C11,'V-LOOKUP'!$C$4:$M$59,9,FALSE)),"0") -> 0 | DI11: =IF(AND($C11<>"",$M11<>""),(VLOOKUP($C11,'V-LOOKUP'!$C$4:$M$59,10,FALSE)),"0") -> 0 | DJ11: =IF(AND($C11<>"",$M11<>""),(VLOOKUP($C11,'V-LOOKUP'!$C$4:$M$59,11,FALSE)),"0") -> 0 | DK11: =IF(AND($C11<>"",$M11<>""),(VLOOKUP($C11,'V-LOOKUP'!$C$4:$N$59,12,FALSE)),"0") -> 0 | DL11: =IF(AND($C11<>"",$N11<>""),(VLOOKUP($C11,'V-LOOKUP'!$C$4:$M$59,4,FALSE)),"0") -> 0 | DM11: =IF(AND($C11<>"",$N11<>""),(VLOOKUP($C11,'V-LOOKUP'!$C$4:$M$59,5,FALSE)),"0") -> 0 | DN11: =IF(AND($C11<>"",$N11<>""),(VLOOKUP($C11,'V-LOOKUP'!$C$4:$M$59,6,FALSE)),"0") -> 0 | DO11: =IF(AND($C11<>"",$N11<>""),(VLOOKUP($C11,'V-LOOKUP'!$C$4:$M$59,7,FALSE)),"0") -> 0 | DP11: =IF(AND($C11<>"",$N11<>""),(VLOOKUP($C11,'V-LOOKUP'!$C$4:$M$59,8,FALSE)),"0") -> 0 | DQ11: =IF(AND($C11<>"",$N11<>""),(VLOOKUP($C11,'V-LOOKUP'!$C$4:$M$59,9,FALSE)),"0") -> 0 | DR11: =IF(AND($C11<>"",$N11<>""),(VLOOKUP($C11,'V-LOOKUP'!$C$4:$M$59,10,FALSE)),"0") -> 0 | DS11: =IF(AND($C11<>"",$N11<>""),(VLOOKUP($C11,'V-LOOKUP'!$C$4:$M$59,11,FALSE)),"0") -> 0 | DT11: =IF(AND($C11<>"",$N11<>""),(VLOOKUP($C11,'V-LOOKUP'!$C$4:$N$59,12,FALSE)),"0") -> 0 | DU11: =IF(AND($C11<>"",O11<>""),(VLOOKUP($C11,'V-LOOKUP'!$C$4:$M$59,4,FALSE)),"0") -> 0 | DV11: =IF(AND($C11<>"",$O11<>""),(VLOOKUP($C11,'V-LOOKUP'!$C$4:$M$59,5,FALSE)),"0") -> 0 | DW11: =IF(AND($C11<>"",$O11<>""),(VLOOKUP($C11,'V-LOOKUP'!$C$4:$M$59,6,FALSE)),"0") -> 0 | DX11: =IF(AND($C11<>"",$O11<>""),(VLOOKUP($C11,'V-LOOKUP'!$C$4:$M$59,7,FALSE)),"0") -> 0 | DY11: =IF(AND($C11<>"",$O11<>""),(VLOOKUP($C11,'V-LOOKUP'!$C$4:$M$59,8,FALSE)),"0") -> 0 | DZ11: =IF(AND($C11<>"",$O11<>""),(VLOOKUP($C11,'V-LOOKUP'!$C$4:$M$59,9,FALSE)),"0") -> 0 | EA11: =IF(AND($C11<>"",$O11<>""),(VLOOKUP($C11,'V-LOOKUP'!$C$4:$M$59,10,FALSE)),"0") -> 0 | EB11: =IF(AND($C11<>"",$O11<>""),(VLOOKUP($C11,'V-LOOKUP'!$C$4:$M$59,11,FALSE)),"0") -> 0 | EC11: =IF(AND($C11<>"",$O11<>""),(VLOOKUP($C11,'V-LOOKUP'!$C$4:$N$59,12,FALSE)),"0") -> 0 | ED11: =IF(AND($C11<>"",P11<>""),(VLOOKUP($C11,'V-LOOKUP'!$C$4:$M$59,4,FALSE)),"0") -> 0 | EE11: =IF(AND($C11<>"",$P11<>""),(VLOOKUP($C11,'V-LOOKUP'!$C$4:$M$59,5,FALSE)),"0") -> 0 | EF11: =IF(AND($C11<>"",$P11<>""),(VLOOKUP($C11,'V-LOOKUP'!$C$4:$M$59,6,FALSE)),"0") -> 0 | EG11: =IF(AND($C11<>"",$P11<>""),(VLOOKUP($C11,'V-LOOKUP'!$C$4:$M$59,7,FALSE)),"0") -> 0 | EH11: =IF(AND($C11<>"",$P11<>""),(VLOOKUP($C11,'V-LOOKUP'!$C$4:$M$59,8,FALSE)),"0") -> 0 | EI11: =IF(AND($C11<>"",$P11<>""),(VLOOKUP($C11,'V-LOOKUP'!$C$4:$M$59,9,FALSE)),"0") -> 0 | EJ11: =IF(AND($C11<>"",$P11<>""),(VLOOKUP($C11,'V-LOOKUP'!$C$4:$M$59,10,FALSE)),"0") -> 0 | EK11: =IF(AND($C11<>"",$P11<>""),(VLOOKUP($C11,'V-LOOKUP'!$C$4:$M$59,11,FALSE)),"0") -> 0 | EL11: =IF(AND($C11<>"",$P11<>""),(VLOOKUP($C11,'V-LOOKUP'!$C$4:$N$59,12,FALSE)),"0") -> 0 | EM11: =IF(AND($C11<>"",Q11<>""),(VLOOKUP($C11,'V-LOOKUP'!$C$4:$M$59,4,FALSE)),"0") -> 0 | EN11: =IF(AND($C11<>"",$Q11<>""),(VLOOKUP($C11,'V-LOOKUP'!$C$4:$M$59,5,FALSE)),"0") -> 0 | EO11: =IF(AND($C11<>"",$Q11<>""),(VLOOKUP($C11,'V-LOOKUP'!$C$4:$M$59,6,FALSE)),"0") -> 0 | EP11: =IF(AND($C11<>"",$Q11<>""),(VLOOKUP($C11,'V-LOOKUP'!$C$4:$M$59,7,FALSE)),"0") -> 0 | EQ11: =IF(AND($C11<>"",$Q11<>""),(VLOOKUP($C11,'V-LOOKUP'!$C$4:$M$59,8,FALSE)),"0") -> 0 | ER11: =IF(AND($C11<>"",$Q11<>""),(VLOOKUP($C11,'V-LOOKUP'!$C$4:$M$59,9,FALSE)),"0") -> 0 | ES11: =IF(AND($C11<>"",$Q11<>""),(VLOOKUP($C11,'V-LOOKUP'!$C$4:$M$59,10,FALSE)),"0") -> 0 | ET11: =IF(AND($C11<>"",$Q11<>""),(VLOOKUP($C11,'V-LOOKUP'!$C$4:$M$59,11,FALSE)),"0") -> 0 | EU11: =IF(AND($C11<>"",$Q11<>""),(VLOOKUP($C11,'V-LOOKUP'!$C$4:$N$59,12,FALSE)),"0") -> 0 | EV11: =IF(AND($C11<>"",R11<>""),(VLOOKUP($C11,'V-LOOKUP'!$C$4:$M$59,4,FALSE)),"0") -> 0 | EW11: =IF(AND($C11<>"",$R11<>""),(VLOOKUP($C11,'V-LOOKUP'!$C$4:$M$59,5,FALSE)),"0") -> 0 | EX11: =IF(AND($C11<>"",$R11<>""),(VLOOKUP($C11,'V-LOOKUP'!$C$4:$M$59,6,FALSE)),"0") -> 0 | EY11: =IF(AND($C11<>"",$R11<>""),(VLOOKUP($C11,'V-LOOKUP'!$C$4:$M$59,7,FALSE)),"0") -> 0 | EZ11: =IF(AND($C11<>"",$R11<>""),(VLOOKUP($C11,'V-LOOKUP'!$C$4:$M$59,8,FALSE)),"0") -> 0 | FA11: =IF(AND($C11<>"",$R11<>""),(VLOOKUP($C11,'V-LOOKUP'!$C$4:$M$59,9,FALSE)),"0") -> 0 | FB11: =IF(AND($C11<>"",$R11<>""),(VLOOKUP($C11,'V-LOOKUP'!$C$4:$M$59,10,FALSE)),"0") -> 0 | FC11: =IF(AND($C11<>"",$R11<>""),(VLOOKUP($C11,'V-LOOKUP'!$C$4:$M$59,11,FALSE)),"0") -> 0 | FD11: =IF(AND($C11<>"",$R11<>""),(VLOOKUP($C11,'V-LOOKUP'!$C$4:$N$59,12,FALSE)),"0") -> 0 | FE11: =IF(AND($C11<>"",S11<>""),(VLOOKUP($C11,'V-LOOKUP'!$C$4:$M$59,4,FALSE)),"0") -> 0 | FF11: =IF(AND($C11<>"",$S11<>""),(VLOOKUP($C11,'V-LOOKUP'!$C$4:$M$59,5,FALSE)),"0") -> 0 | FG11: =IF(AND($C11<>"",$S11<>""),(VLOOKUP($C11,'V-LOOKUP'!$C$4:$M$59,6,FALSE)),"0") -> 0 | FH11: =IF(AND($C11<>"",$S11<>""),(VLOOKUP($C11,'V-LOOKUP'!$C$4:$M$59,7,FALSE)),"0") -> 0 | FI11: =IF(AND($C11<>"",$S11<>""),(VLOOKUP($C11,'V-LOOKUP'!$C$4:$M$59,8,FALSE)),"0") -> 0 | FJ11: =IF(AND($C11<>"",$S11<>""),(VLOOKUP($C11,'V-LOOKUP'!$C$4:$M$59,9,FALSE)),"0") -> 0 | FK11: =IF(AND($C11<>"",$S11<>""),(VLOOKUP($C11,'V-LOOKUP'!$C$4:$M$59,10,FALSE)),"0") -> 0 | FL11: =IF(AND($C11<>"",$S11<>""),(VLOOKUP($C11,'V-LOOKUP'!$C$4:$M$59,11,FALSE)),"0") -> 0 | FM11: =IF(AND($C11<>"",$S11<>""),(VLOOKUP($C11,'V-LOOKUP'!$C$4:$N$59,12,FALSE)),"0") -> 0 | FN11: =IF(AND($C11<>"",T11<>""),(VLOOKUP($C11,'V-LOOKUP'!$C$4:$M$59,4,FALSE)),"0") -> 0 | FO11: =IF(AND($C11<>"",$T11<>""),(VLOOKUP($C11,'V-LOOKUP'!$C$4:$M$59,5,FALSE)),"0") -> 0 | FP11: =IF(AND($C11<>"",$T11<>""),(VLOOKUP($C11,'V-LOOKUP'!$C$4:$M$59,6,FALSE)),"0") -> 0 | FQ11: =IF(AND($C11<>"",$T11<>""),(VLOOKUP($C11,'V-LOOKUP'!$C$4:$M$59,7,FALSE)),"0") -> 0 | FR11: =IF(AND($C11<>"",$T11<>""),(VLOOKUP($C11,'V-LOOKUP'!$C$4:$M$59,8,FALSE)),"0") -> 0 | FS11: =IF(AND($C11<>"",$T11<>""),(VLOOKUP($C11,'V-LOOKUP'!$C$4:$M$59,9,FALSE)),"0") -> 0 | FT11: =IF(AND($C11<>"",$T11<>""),(VLOOKUP($C11,'V-LOOKUP'!$C$4:$M$59,10,FALSE)),"0") -> 0 | FU11: =IF(AND($C11<>"",$T11<>""),(VLOOKUP($C11,'V-LOOKUP'!$C$4:$M$59,11,FALSE)),"0") -> 0 | FV11: =IF(AND($C11<>"",$T11<>""),(VLOOKUP($C11,'V-LOOKUP'!$C$4:$N$59,12,FALSE)),"0") -> 0 | FW11: =IF(AND($C11<>"",U11<>""),(VLOOKUP($C11,'V-LOOKUP'!$C$4:$M$59,4,FALSE)),"0") -> 0 | FX11: =IF(AND($C11<>"",$U11<>""),(VLOOKUP($C11,'V-LOOKUP'!$C$4:$M$59,5,FALSE)),"0") -> 0 | FY11: =IF(AND($C11<>"",$U11<>""),(VLOOKUP($C11,'V-LOOKUP'!$C$4:$M$59,6,FALSE)),"0") -> 0 | FZ11: =IF(AND($C11<>"",$U11<>""),(VLOOKUP($C11,'V-LOOKUP'!$C$4:$M$59,7,FALSE)),"0") -> 0 | GA11: =IF(AND($C11<>"",$U11<>""),(VLOOKUP($C11,'V-LOOKUP'!$C$4:$M$59,8,FALSE)),"0") -> 0 | GB11: =IF(AND($C11<>"",$U11<>""),(VLOOKUP($C11,'V-LOOKUP'!$C$4:$M$59,9,FALSE)),"0") -> 0 | GC11: =IF(AND($C11<>"",$U11<>""),(VLOOKUP($C11,'V-LOOKUP'!$C$4:$M$59,10,FALSE)),"0") -> 0 | GD11: =IF(AND($C11<>"",$U11<>""),(VLOOKUP($C11,'V-LOOKUP'!$C$4:$M$59,11,FALSE)),"0") -> 0 | GE11: =IF(AND($C11<>"",$U11<>""),(VLOOKUP($C11,'V-LOOKUP'!$C$4:$N$59,12,FALSE)),"0") -> 0 | GF11: =IF(AND($C11<>"",V11<>""),(VLOOKUP($C11,'V-LOOKUP'!$C$4:$M$59,4,FALSE)),"0") -> 0 | GG11: =IF(AND($C11<>"",$V11<>""),(VLOOKUP($C11,'V-LOOKUP'!$C$4:$M$59,5,FALSE)),"0") -> 0 | GH11: =IF(AND($C11<>"",$V11<>""),(VLOOKUP($C11,'V-LOOKUP'!$C$4:$M$59,6,FALSE)),"0") -> 0 | GI11: =IF(AND($C11<>"",$V11<>""),(VLOOKUP($C11,'V-LOOKUP'!$C$4:$M$59,7,FALSE)),"0") -> 0 | GJ11: =IF(AND($C11<>"",$V11<>""),(VLOOKUP($C11,'V-LOOKUP'!$C$4:$M$59,8,FALSE)),"0") -> 0 | GK11: =IF(AND($C11<>"",$V11<>""),(VLOOKUP($C11,'V-LOOKUP'!$C$4:$M$59,9,FALSE)),"0") -> 0 | GL11: =IF(AND($C11<>"",$V11<>""),(VLOOKUP($C11,'V-LOOKUP'!$C$4:$M$59,10,FALSE)),"0") -> 0 | GM11: =IF(AND($C11<>"",$V11<>""),(VLOOKUP($C11,'V-LOOKUP'!$C$4:$M$59,11,FALSE)),"0") -> 0 | GN11: =IF(AND($C11<>"",$V11<>""),(VLOOKUP($C11,'V-LOOKUP'!$C$4:$N$59,12,FALSE)),"0") -> 0 | GO11: =IF(AND($C11<>"",W11<>""),(VLOOKUP($C11,'V-LOOKUP'!$C$4:$M$59,4,FALSE)),"0") -> 0 | GP11: =IF(AND($C11<>"",$W11<>""),(VLOOKUP($C11,'V-LOOKUP'!$C$4:$M$59,5,FALSE)),"0") -> 0 | GQ11: =IF(AND($C11<>"",$W11<>""),(VLOOKUP($C11,'V-LOOKUP'!$C$4:$M$59,6,FALSE)),"0") -> 0 | GR11: =IF(AND($C11<>"",$W11<>""),(VLOOKUP($C11,'V-LOOKUP'!$C$4:$M$59,7,FALSE)),"0") -> 0 | GS11: =IF(AND($C11<>"",$W11<>""),(VLOOKUP($C11,'V-LOOKUP'!$C$4:$M$59,8,FALSE)),"0") -> 0 | GT11: =IF(AND($C11<>"",$W11<>""),(VLOOKUP($C11,'V-LOOKUP'!$C$4:$M$59,9,FALSE)),"0") -> 0 | GU11: =IF(AND($C11<>"",$W11<>""),(VLOOKUP($C11,'V-LOOKUP'!$C$4:$M$59,10,FALSE)),"0") -> 0 | GV11: =IF(AND($C11<>"",$W11<>""),(VLOOKUP($C11,'V-LOOKUP'!$C$4:$M$59,11,FALSE)),"0") -> 0 | GW11: =IF(AND($C11<>"",$W11<>""),(VLOOKUP($C11,'V-LOOKUP'!$C$4:$N$59,12,FALSE)),"0") -> 0
Z12: =IF(AND($C12<>"",$D12<>""),(VLOOKUP($C12,'V-LOOKUP'!$C$4:$M$59,4,FALSE)),"0") -> 0 | AA12: =IF(AND($C12<>"",$D12<>""),(VLOOKUP($C12,'V-LOOKUP'!$C$4:$M$59,5,FALSE)),"0") -> 0 | AB12: =IF(AND($C12<>"",$D12<>""),(VLOOKUP($C12,'V-LOOKUP'!$C$4:$M$59,6,FALSE)),"0") -> 0 | AC12: =IF(AND($C12<>"",$D12<>""),(VLOOKUP($C12,'V-LOOKUP'!$C$4:$M$59,7,FALSE)),"0") -> 0 | AD12: =IF(AND($C12<>"",$D12<>""),(VLOOKUP($C12,'V-LOOKUP'!$C$4:$M$59,8,FALSE)),"0") -> 0 | AE12: =IF(AND($C12<>"",$D12<>""),(VLOOKUP($C12,'V-LOOKUP'!$C$4:$M$59,9,FALSE)),"0") -> 0 | AF12: =IF(AND($C12<>"",$D12<>""),(VLOOKUP($C12,'V-LOOKUP'!$C$4:$M$59,10,FALSE)),"0") -> 0 | AG12: =IF(AND($C12<>"",$D12<>""),(VLOOKUP($C12,'V-LOOKUP'!$C$4:$M$59,11,FALSE)),"0") -> 0 | AH12: =IF(AND($C12<>"",$D12<>""),(VLOOKUP($C12,'V-LOOKUP'!$C$4:$N$59,12,FALSE)),"0") -> 0 | AI12: =IF(AND($C12<>"",E12<>""),(VLOOKUP($C12,'V-LOOKUP'!$C$4:$M$59,4,FALSE)),"0") -> 0 | AJ12: =IF(AND($C12<>"",$E12<>""),(VLOOKUP($C12,'V-LOOKUP'!$C$4:$M$59,5,FALSE)),"0") -> 0 | AK12: =IF(AND($C12<>"",$E12<>""),(VLOOKUP($C12,'V-LOOKUP'!$C$4:$M$59,6,FALSE)),"0") -> 0 | AL12: =IF(AND($C12<>"",$E12<>""),(VLOOKUP($C12,'V-LOOKUP'!$C$4:$M$59,7,FALSE)),"0") -> 0 | AM12: =IF(AND($C12<>"",$E12<>""),(VLOOKUP($C12,'V-LOOKUP'!$C$4:$M$59,8,FALSE)),"0") -> 0 | AN12: =IF(AND($C12<>"",$E12<>""),(VLOOKUP($C12,'V-LOOKUP'!$C$4:$M$59,9,FALSE)),"0") -> 0 | AO12: =IF(AND($C12<>"",$E12<>""),(VLOOKUP($C12,'V-LOOKUP'!$C$4:$M$59,10,FALSE)),"0") -> 0 | AP12: =IF(AND($C12<>"",$E12<>""),(VLOOKUP($C12,'V-LOOKUP'!$C$4:$M$59,11,FALSE)),"0") -> 0 | AQ12: =IF(AND($C12<>"",$E12<>""),(VLOOKUP($C12,'V-LOOKUP'!$C$4:$N$59,12,FALSE)),"0") -> 0 | AR12: =IF(AND($C12<>"",$F12<>""),(VLOOKUP($C12,'V-LOOKUP'!$C$4:$M$59,4,FALSE)),"0") -> 0 | AS12: =IF(AND($C12<>"",$F12<>""),(VLOOKUP($C12,'V-LOOKUP'!$C$4:$M$59,5,FALSE)),"0") -> 0 | AT12: =IF(AND($C12<>"",$F12<>""),(VLOOKUP($C12,'V-LOOKUP'!$C$4:$M$59,6,FALSE)),"0") -> 0 | AU12: =IF(AND($C12<>"",$F12<>""),(VLOOKUP($C12,'V-LOOKUP'!$C$4:$M$59,7,FALSE)),"0") -> 0 | AV12: =IF(AND($C12<>"",$F12<>""),(VLOOKUP($C12,'V-LOOKUP'!$C$4:$M$59,8,FALSE)),"0") -> 0 | AW12: =IF(AND($C12<>"",$F12<>""),(VLOOKUP($C12,'V-LOOKUP'!$C$4:$M$59,9,FALSE)),"0") -> 0 | AX12: =IF(AND($C12<>"",$F12<>""),(VLOOKUP($C12,'V-LOOKUP'!$C$4:$M$59,10,FALSE)),"0") -> 0 | AY12: =IF(AND($C12<>"",$F12<>""),(VLOOKUP($C12,'V-LOOKUP'!$C$4:$M$59,11,FALSE)),"0") -> 0 | AZ12: =IF(AND($C12<>"",$F12<>""),(VLOOKUP($C12,'V-LOOKUP'!$C$4:$N$59,12,FALSE)),"0") -> 0 | BA12: =IF(AND($C12<>"",G12<>""),(VLOOKUP($C12,'V-LOOKUP'!$C$4:$M$59,4,FALSE)),"0") -> 0 | BB12: =IF(AND($C12<>"",$G12<>""),(VLOOKUP($C12,'V-LOOKUP'!$C$4:$M$59,5,FALSE)),"0") -> 0 | BC12: =IF(AND($C12<>"",$G12<>""),(VLOOKUP($C12,'V-LOOKUP'!$C$4:$M$59,6,FALSE)),"0") -> 0 | BD12: =IF(AND($C12<>"",$G12<>""),(VLOOKUP($C12,'V-LOOKUP'!$C$4:$M$59,7,FALSE)),"0") -> 0 | BE12: =IF(AND($C12<>"",$G12<>""),(VLOOKUP($C12,'V-LOOKUP'!$C$4:$M$59,8,FALSE)),"0") -> 0 | BF12: =IF(AND($C12<>"",$G12<>""),(VLOOKUP($C12,'V-LOOKUP'!$C$4:$M$59,9,FALSE)),"0") -> 0 | BG12: =IF(AND($C12<>"",$G12<>""),(VLOOKUP($C12,'V-LOOKUP'!$C$4:$M$59,10,FALSE)),"0") -> 0 | BH12: =IF(AND($C12<>"",$G12<>""),(VLOOKUP($C12,'V-LOOKUP'!$C$4:$M$59,11,FALSE)),"0") -> 0 | BI12: =IF(AND($C12<>"",$G12<>""),(VLOOKUP($C12,'V-LOOKUP'!$C$4:$N$59,12,FALSE)),"0") -> 0 | BJ12: =IF(AND($C12<>"",H12<>""),(VLOOKUP($C12,'V-LOOKUP'!$C$4:$M$59,4,FALSE)),"0") -> 0 | BK12: =IF(AND($C12<>"",$G12<>""),(VLOOKUP($C12,'V-LOOKUP'!$C$4:$M$59,5,FALSE)),"0") -> 0 | BL12: =IF(AND($C12<>"",$H12<>""),(VLOOKUP($C12,'V-LOOKUP'!$C$4:$M$59,6,FALSE)),"0") -> 0 | BM12: =IF(AND($C12<>"",$H12<>""),(VLOOKUP($C12,'V-LOOKUP'!$C$4:$M$59,7,FALSE)),"0") -> 0 | BN12: =IF(AND($C12<>"",$H12<>""),(VLOOKUP($C12,'V-LOOKUP'!$C$4:$M$59,8,FALSE)),"0") -> 0 | BO12: =IF(AND($C12<>"",$H12<>""),(VLOOKUP($C12,'V-LOOKUP'!$C$4:$M$59,9,FALSE)),"0") -> 0 | BP12: =IF(AND($C12<>"",$H12<>""),(VLOOKUP($C12,'V-LOOKUP'!$C$4:$M$59,10,FALSE)),"0") -> 0 | BQ12: =IF(AND($C12<>"",$H12<>""),(VLOOKUP($C12,'V-LOOKUP'!$C$4:$M$59,11,FALSE)),"0") -> 0 | BR12: =IF(AND($C12<>"",$H12<>""),(VLOOKUP($C12,'V-LOOKUP'!$C$4:$N$59,12,FALSE)),"0") -> 0 | BS12: =IF(AND($C12<>"",I12<>""),(VLOOKUP($C12,'V-LOOKUP'!$C$4:$M$59,4,FALSE)),"0") -> 0 | BT12: =IF(AND($C12<>"",$I12<>""),(VLOOKUP($C12,'V-LOOKUP'!$C$4:$M$59,5,FALSE)),"0") -> 0 | BU12: =IF(AND($C12<>"",$I12<>""),(VLOOKUP($C12,'V-LOOKUP'!$C$4:$M$59,6,FALSE)),"0") -> 0 | BV12: =IF(AND($C12<>"",$I12<>""),(VLOOKUP($C12,'V-LOOKUP'!$C$4:$M$59,7,FALSE)),"0") -> 0 | BW12: =IF(AND($C12<>"",$I12<>""),(VLOOKUP($C12,'V-LOOKUP'!$C$4:$M$59,8,FALSE)),"0") -> 0 | BX12: =IF(AND($C12<>"",$I12<>""),(VLOOKUP($C12,'V-LOOKUP'!$C$4:$M$59,9,FALSE)),"0") -> 0 | BY12: =IF(AND($C12<>"",$I12<>""),(VLOOKUP($C12,'V-LOOKUP'!$C$4:$M$59,10,FALSE)),"0") -> 0 | BZ12: =IF(AND($C12<>"",$I12<>""),(VLOOKUP($C12,'V-LOOKUP'!$C$4:$M$59,11,FALSE)),"0") -> 0 | CA12: =IF(AND($C12<>"",$I12<>""),(VLOOKUP($C12,'V-LOOKUP'!$C$4:$N$59,12,FALSE)),"0") -> 0 | CB12: =IF(AND($C12<>"",J12<>""),(VLOOKUP($C12,'V-LOOKUP'!$C$4:$M$59,4,FALSE)),"0") -> 0 | CC12: =IF(AND($C12<>"",$J12<>""),(VLOOKUP($C12,'V-LOOKUP'!$C$4:$M$59,5,FALSE)),"0") -> 0 | CD12: =IF(AND($C12<>"",$J12<>""),(VLOOKUP($C12,'V-LOOKUP'!$C$4:$M$59,6,FALSE)),"0") -> 0 | CE12: =IF(AND($C12<>"",$J12<>""),(VLOOKUP($C12,'V-LOOKUP'!$C$4:$M$59,7,FALSE)),"0") -> 0 | CF12: =IF(AND($C12<>"",$J12<>""),(VLOOKUP($C12,'V-LOOKUP'!$C$4:$M$59,8,FALSE)),"0") -> 0 | CG12: =IF(AND($C12<>"",$J12<>""),(VLOOKUP($C12,'V-LOOKUP'!$C$4:$M$59,9,FALSE)),"0") -> 0 | CH12: =IF(AND($C12<>"",$J12<>""),(VLOOKUP($C12,'V-LOOKUP'!$C$4:$M$59,10,FALSE)),"0") -> 0 | CI12: =IF(AND($C12<>"",$J12<>""),(VLOOKUP($C12,'V-LOOKUP'!$C$4:$M$59,11,FALSE)),"0") -> 0 | CJ12: =IF(AND($C12<>"",$J12<>""),(VLOOKUP($C12,'V-LOOKUP'!$C$4:$N$59,12,FALSE)),"0") -> 0 | CK12: =IF(AND($C12<>"",K12<>""),(VLOOKUP($C12,'V-LOOKUP'!$C$4:$M$59,4,FALSE)),"0") -> 0 | CL12: =IF(AND($C12<>"",$K12<>""),(VLOOKUP($C12,'V-LOOKUP'!$C$4:$M$59,5,FALSE)),"0") -> 0 | CM12: =IF(AND($C12<>"",$K12<>""),(VLOOKUP($C12,'V-LOOKUP'!$C$4:$M$59,6,FALSE)),"0") -> 0 | CN12: =IF(AND($C12<>"",$K12<>""),(VLOOKUP($C12,'V-LOOKUP'!$C$4:$M$59,7,FALSE)),"0") -> 0 | CO12: =IF(AND($C12<>"",$K12<>""),(VLOOKUP($C12,'V-LOOKUP'!$C$4:$M$59,8,FALSE)),"0") -> 0 | CP12: =IF(AND($C12<>"",$K12<>""),(VLOOKUP($C12,'V-LOOKUP'!$C$4:$M$59,9,FALSE)),"0") -> 0 | CQ12: =IF(AND($C12<>"",$K12<>""),(VLOOKUP($C12,'V-LOOKUP'!$C$4:$M$59,10,FALSE)),"0") -> 0 | CR12: =IF(AND($C12<>"",$K12<>""),(VLOOKUP($C12,'V-LOOKUP'!$C$4:$M$59,11,FALSE)),"0") -> 0 | CS12: =IF(AND($C12<>"",$K12<>""),(VLOOKUP($C12,'V-LOOKUP'!$C$4:$N$59,12,FALSE)),"0") -> 0 | CT12: =IF(AND($C12<>"",L12<>""),(VLOOKUP($C12,'V-LOOKUP'!$C$4:$M$59,4,FALSE)),"0") -> 0 | CU12: =IF(AND($C12<>"",$L12<>""),(VLOOKUP($C12,'V-LOOKUP'!$C$4:$M$59,5,FALSE)),"0") -> 0 | CV12: =IF(AND($C12<>"",$L12<>""),(VLOOKUP($C12,'V-LOOKUP'!$C$4:$M$59,6,FALSE)),"0") -> 0 | CW12: =IF(AND($C12<>"",$L12<>""),(VLOOKUP($C12,'V-LOOKUP'!$C$4:$M$59,7,FALSE)),"0") -> 0 | CX12: =IF(AND($C12<>"",$L12<>""),(VLOOKUP($C12,'V-LOOKUP'!$C$4:$M$59,8,FALSE)),"0") -> 0 | CY12: =IF(AND($C12<>"",$L12<>""),(VLOOKUP($C12,'V-LOOKUP'!$C$4:$M$59,9,FALSE)),"0") -> 0 | CZ12: =IF(AND($C12<>"",$L12<>""),(VLOOKUP($C12,'V-LOOKUP'!$C$4:$M$59,10,FALSE)),"0") -> 0 | DA12: =IF(AND($C12<>"",$L12<>""),(VLOOKUP($C12,'V-LOOKUP'!$C$4:$M$59,11,FALSE)),"0") -> 0 | DB12: =IF(AND($C12<>"",$L12<>""),(VLOOKUP($C12,'V-LOOKUP'!$C$4:$N$59,12,FALSE)),"0") -> 0 | DC12: =IF(AND($C12<>"",M12<>""),(VLOOKUP($C12,'V-LOOKUP'!$C$4:$M$59,4,FALSE)),"0") -> 0 | DD12: =IF(AND($C12<>"",$M12<>""),(VLOOKUP($C12,'V-LOOKUP'!$C$4:$M$59,5,FALSE)),"0") -> 0 | DE12: =IF(AND($C12<>"",$M12<>""),(VLOOKUP($C12,'V-LOOKUP'!$C$4:$M$59,6,FALSE)),"0") -> 0 | DF12: =IF(AND($C12<>"",$M12<>""),(VLOOKUP($C12,'V-LOOKUP'!$C$4:$M$59,7,FALSE)),"0") -> 0 | DG12: =IF(AND($C12<>"",$M12<>""),(VLOOKUP($C12,'V-LOOKUP'!$C$4:$M$59,8,FALSE)),"0") -> 0 | DH12: =IF(AND($C12<>"",$M12<>""),(VLOOKUP($C12,'V-LOOKUP'!$C$4:$M$59,9,FALSE)),"0") -> 0 | DI12: =IF(AND($C12<>"",$M12<>""),(VLOOKUP($C12,'V-LOOKUP'!$C$4:$M$59,10,FALSE)),"0") -> 0 | DJ12: =IF(AND($C12<>"",$M12<>""),(VLOOKUP($C12,'V-LOOKUP'!$C$4:$M$59,11,FALSE)),"0") -> 0 | DK12: =IF(AND($C12<>"",$M12<>""),(VLOOKUP($C12,'V-LOOKUP'!$C$4:$N$59,12,FALSE)),"0") -> 0 | DL12: =IF(AND($C12<>"",$N12<>""),(VLOOKUP($C12,'V-LOOKUP'!$C$4:$M$59,4,FALSE)),"0") -> 0 | DM12: =IF(AND($C12<>"",$N12<>""),(VLOOKUP($C12,'V-LOOKUP'!$C$4:$M$59,5,FALSE)),"0") -> 0 | DN12: =IF(AND($C12<>"",$N12<>""),(VLOOKUP($C12,'V-LOOKUP'!$C$4:$M$59,6,FALSE)),"0") -> 0 | DO12: =IF(AND($C12<>"",$N12<>""),(VLOOKUP($C12,'V-LOOKUP'!$C$4:$M$59,7,FALSE)),"0") -> 0 | DP12: =IF(AND($C12<>"",$N12<>""),(VLOOKUP($C12,'V-LOOKUP'!$C$4:$M$59,8,FALSE)),"0") -> 0 | DQ12: =IF(AND($C12<>"",$N12<>""),(VLOOKUP($C12,'V-LOOKUP'!$C$4:$M$59,9,FALSE)),"0") -> 0 | DR12: =IF(AND($C12<>"",$N12<>""),(VLOOKUP($C12,'V-LOOKUP'!$C$4:$M$59,10,FALSE)),"0") -> 0 | DS12: =IF(AND($C12<>"",$N12<>""),(VLOOKUP($C12,'V-LOOKUP'!$C$4:$M$59,11,FALSE)),"0") -> 0 | DT12: =IF(AND($C12<>"",$N12<>""),(VLOOKUP($C12,'V-LOOKUP'!$C$4:$N$59,12,FALSE)),"0") -> 0 | DU12: =IF(AND($C12<>"",O12<>""),(VLOOKUP($C12,'V-LOOKUP'!$C$4:$M$59,4,FALSE)),"0") -> 0 | DV12: =IF(AND($C12<>"",$O12<>""),(VLOOKUP($C12,'V-LOOKUP'!$C$4:$M$59,5,FALSE)),"0") -> 0 | DW12: =IF(AND($C12<>"",$O12<>""),(VLOOKUP($C12,'V-LOOKUP'!$C$4:$M$59,6,FALSE)),"0") -> 0 | DX12: =IF(AND($C12<>"",$O12<>""),(VLOOKUP($C12,'V-LOOKUP'!$C$4:$M$59,7,FALSE)),"0") -> 0 | DY12: =IF(AND($C12<>"",$O12<>""),(VLOOKUP($C12,'V-LOOKUP'!$C$4:$M$59,8,FALSE)),"0") -> 0 | DZ12: =IF(AND($C12<>"",$O12<>""),(VLOOKUP($C12,'V-LOOKUP'!$C$4:$M$59,9,FALSE)),"0") -> 0 | EA12: =IF(AND($C12<>"",$O12<>""),(VLOOKUP($C12,'V-LOOKUP'!$C$4:$M$59,10,FALSE)),"0") -> 0 | EB12: =IF(AND($C12<>"",$O12<>""),(VLOOKUP($C12,'V-LOOKUP'!$C$4:$M$59,11,FALSE)),"0") -> 0 | EC12: =IF(AND($C12<>"",$O12<>""),(VLOOKUP($C12,'V-LOOKUP'!$C$4:$N$59,12,FALSE)),"0") -> 0 | ED12: =IF(AND($C12<>"",P12<>""),(VLOOKUP($C12,'V-LOOKUP'!$C$4:$M$59,4,FALSE)),"0") -> 0 | EE12: =IF(AND($C12<>"",$P12<>""),(VLOOKUP($C12,'V-LOOKUP'!$C$4:$M$59,5,FALSE)),"0") -> 0 | EF12: =IF(AND($C12<>"",$P12<>""),(VLOOKUP($C12,'V-LOOKUP'!$C$4:$M$59,6,FALSE)),"0") -> 0 | EG12: =IF(AND($C12<>"",$P12<>""),(VLOOKUP($C12,'V-LOOKUP'!$C$4:$M$59,7,FALSE)),"0") -> 0 | EH12: =IF(AND($C12<>"",$P12<>""),(VLOOKUP($C12,'V-LOOKUP'!$C$4:$M$59,8,FALSE)),"0") -> 0 | EI12: =IF(AND($C12<>"",$P12<>""),(VLOOKUP($C12,'V-LOOKUP'!$C$4:$M$59,9,FALSE)),"0") -> 0 | EJ12: =IF(AND($C12<>"",$P12<>""),(VLOOKUP($C12,'V-LOOKUP'!$C$4:$M$59,10,FALSE)),"0") -> 0 | EK12: =IF(AND($C12<>"",$P12<>""),(VLOOKUP($C12,'V-LOOKUP'!$C$4:$M$59,11,FALSE)),"0") -> 0 | EL12: =IF(AND($C12<>"",$P12<>""),(VLOOKUP($C12,'V-LOOKUP'!$C$4:$N$59,12,FALSE)),"0") -> 0 | EM12: =IF(AND($C12<>"",Q12<>""),(VLOOKUP($C12,'V-LOOKUP'!$C$4:$M$59,4,FALSE)),"0") -> 0 | EN12: =IF(AND($C12<>"",$Q12<>""),(VLOOKUP($C12,'V-LOOKUP'!$C$4:$M$59,5,FALSE)),"0") -> 0 | EO12: =IF(AND($C12<>"",$Q12<>""),(VLOOKUP($C12,'V-LOOKUP'!$C$4:$M$59,6,FALSE)),"0") -> 0 | EP12: =IF(AND($C12<>"",$Q12<>""),(VLOOKUP($C12,'V-LOOKUP'!$C$4:$M$59,7,FALSE)),"0") -> 0 | EQ12: =IF(AND($C12<>"",$Q12<>""),(VLOOKUP($C12,'V-LOOKUP'!$C$4:$M$59,8,FALSE)),"0") -> 0 | ER12: =IF(AND($C12<>"",$Q12<>""),(VLOOKUP($C12,'V-LOOKUP'!$C$4:$M$59,9,FALSE)),"0") -> 0 | ES12: =IF(AND($C12<>"",$Q12<>""),(VLOOKUP($C12,'V-LOOKUP'!$C$4:$M$59,10,FALSE)),"0") -> 0 | ET12: =IF(AND($C12<>"",$Q12<>""),(VLOOKUP($C12,'V-LOOKUP'!$C$4:$M$59,11,FALSE)),"0") -> 0 | EU12: =IF(AND($C12<>"",$Q12<>""),(VLOOKUP($C12,'V-LOOKUP'!$C$4:$N$59,12,FALSE)),"0") -> 0 | EV12: =IF(AND($C12<>"",R12<>""),(VLOOKUP($C12,'V-LOOKUP'!$C$4:$M$59,4,FALSE)),"0") -> 0 | EW12: =IF(AND($C12<>"",$R12<>""),(VLOOKUP($C12,'V-LOOKUP'!$C$4:$M$59,5,FALSE)),"0") -> 0 | EX12: =IF(AND($C12<>"",$R12<>""),(VLOOKUP($C12,'V-LOOKUP'!$C$4:$M$59,6,FALSE)),"0") -> 0 | EY12: =IF(AND($C12<>"",$R12<>""),(VLOOKUP($C12,'V-LOOKUP'!$C$4:$M$59,7,FALSE)),"0") -> 0 | EZ12: =IF(AND($C12<>"",$R12<>""),(VLOOKUP($C12,'V-LOOKUP'!$C$4:$M$59,8,FALSE)),"0") -> 0 | FA12: =IF(AND($C12<>"",$R12<>""),(VLOOKUP($C12,'V-LOOKUP'!$C$4:$M$59,9,FALSE)),"0") -> 0 | FB12: =IF(AND($C12<>"",$R12<>""),(VLOOKUP($C12,'V-LOOKUP'!$C$4:$M$59,10,FALSE)),"0") -> 0 | FC12: =IF(AND($C12<>"",$R12<>""),(VLOOKUP($C12,'V-LOOKUP'!$C$4:$M$59,11,FALSE)),"0") -> 0 | FD12: =IF(AND($C12<>"",$R12<>""),(VLOOKUP($C12,'V-LOOKUP'!$C$4:$N$59,12,FALSE)),"0") -> 0 | FE12: =IF(AND($C12<>"",S12<>""),(VLOOKUP($C12,'V-LOOKUP'!$C$4:$M$59,4,FALSE)),"0") -> 0 | FF12: =IF(AND($C12<>"",$S12<>""),(VLOOKUP($C12,'V-LOOKUP'!$C$4:$M$59,5,FALSE)),"0") -> 0 | FG12: =IF(AND($C12<>"",$S12<>""),(VLOOKUP($C12,'V-LOOKUP'!$C$4:$M$59,6,FALSE)),"0") -> 0 | FH12: =IF(AND($C12<>"",$S12<>""),(VLOOKUP($C12,'V-LOOKUP'!$C$4:$M$59,7,FALSE)),"0") -> 0 | FI12: =IF(AND($C12<>"",$S12<>""),(VLOOKUP($C12,'V-LOOKUP'!$C$4:$M$59,8,FALSE)),"0") -> 0 | FJ12: =IF(AND($C12<>"",$S12<>""),(VLOOKUP($C12,'V-LOOKUP'!$C$4:$M$59,9,FALSE)),"0") -> 0 | FK12: =IF(AND($C12<>"",$S12<>""),(VLOOKUP($C12,'V-LOOKUP'!$C$4:$M$59,10,FALSE)),"0") -> 0 | FL12: =IF(AND($C12<>"",$S12<>""),(VLOOKUP($C12,'V-LOOKUP'!$C$4:$M$59,11,FALSE)),"0") -> 0 | FM12: =IF(AND($C12<>"",$S12<>""),(VLOOKUP($C12,'V-LOOKUP'!$C$4:$N$59,12,FALSE)),"0") -> 0 | FN12: =IF(AND($C12<>"",T12<>""),(VLOOKUP($C12,'V-LOOKUP'!$C$4:$M$59,4,FALSE)),"0") -> 0 | FO12: =IF(AND($C12<>"",$T12<>""),(VLOOKUP($C12,'V-LOOKUP'!$C$4:$M$59,5,FALSE)),"0") -> 0 | FP12: =IF(AND($C12<>"",$T12<>""),(VLOOKUP($C12,'V-LOOKUP'!$C$4:$M$59,6,FALSE)),"0") -> 0 | FQ12: =IF(AND($C12<>"",$T12<>""),(VLOOKUP($C12,'V-LOOKUP'!$C$4:$M$59,7,FALSE)),"0") -> 0 | FR12: =IF(AND($C12<>"",$T12<>""),(VLOOKUP($C12,'V-LOOKUP'!$C$4:$M$59,8,FALSE)),"0") -> 0 | FS12: =IF(AND($C12<>"",$T12<>""),(VLOOKUP($C12,'V-LOOKUP'!$C$4:$M$59,9,FALSE)),"0") -> 0 | FT12: =IF(AND($C12<>"",$T12<>""),(VLOOKUP($C12,'V-LOOKUP'!$C$4:$M$59,10,FALSE)),"0") -> 0 | FU12: =IF(AND($C12<>"",$T12<>""),(VLOOKUP($C12,'V-LOOKUP'!$C$4:$M$59,11,FALSE)),"0") -> 0 | FV12: =IF(AND($C12<>"",$T12<>""),(VLOOKUP($C12,'V-LOOKUP'!$C$4:$N$59,12,FALSE)),"0") -> 0 | FW12: =IF(AND($C12<>"",U12<>""),(VLOOKUP($C12,'V-LOOKUP'!$C$4:$M$59,4,FALSE)),"0") -> 0 | FX12: =IF(AND($C12<>"",$U12<>""),(VLOOKUP($C12,'V-LOOKUP'!$C$4:$M$59,5,FALSE)),"0") -> 0 | FY12: =IF(AND($C12<>"",$U12<>""),(VLOOKUP($C12,'V-LOOKUP'!$C$4:$M$59,6,FALSE)),"0") -> 0 | FZ12: =IF(AND($C12<>"",$U12<>""),(VLOOKUP($C12,'V-LOOKUP'!$C$4:$M$59,7,FALSE)),"0") -> 0 | GA12: =IF(AND($C12<>"",$U12<>""),(VLOOKUP($C12,'V-LOOKUP'!$C$4:$M$59,8,FALSE)),"0") -> 0 | GB12: =IF(AND($C12<>"",$U12<>""),(VLOOKUP($C12,'V-LOOKUP'!$C$4:$M$59,9,FALSE)),"0") -> 0 | GC12: =IF(AND($C12<>"",$U12<>""),(VLOOKUP($C12,'V-LOOKUP'!$C$4:$M$59,10,FALSE)),"0") -> 0 | GD12: =IF(AND($C12<>"",$U12<>""),(VLOOKUP($C12,'V-LOOKUP'!$C$4:$M$59,11,FALSE)),"0") -> 0 | GE12: =IF(AND($C12<>"",$U12<>""),(VLOOKUP($C12,'V-LOOKUP'!$C$4:$N$59,12,FALSE)),"0") -> 0 | GF12: =IF(AND($C12<>"",V12<>""),(VLOOKUP($C12,'V-LOOKUP'!$C$4:$M$59,4,FALSE)),"0") -> 0 | GG12: =IF(AND($C12<>"",$V12<>""),(VLOOKUP($C12,'V-LOOKUP'!$C$4:$M$59,5,FALSE)),"0") -> 0 | GH12: =IF(AND($C12<>"",$V12<>""),(VLOOKUP($C12,'V-LOOKUP'!$C$4:$M$59,6,FALSE)),"0") -> 0 | GI12: =IF(AND($C12<>"",$V12<>""),(VLOOKUP($C12,'V-LOOKUP'!$C$4:$M$59,7,FALSE)),"0") -> 0 | GJ12: =IF(AND($C12<>"",$V12<>""),(VLOOKUP($C12,'V-LOOKUP'!$C$4:$M$59,8,FALSE)),"0") -> 0 | GK12: =IF(AND($C12<>"",$V12<>""),(VLOOKUP($C12,'V-LOOKUP'!$C$4:$M$59,9,FALSE)),"0") -> 0 | GL12: =IF(AND($C12<>"",$V12<>""),(VLOOKUP($C12,'V-LOOKUP'!$C$4:$M$59,10,FALSE)),"0") -> 0 | GM12: =IF(AND($C12<>"",$V12<>""),(VLOOKUP($C12,'V-LOOKUP'!$C$4:$M$59,11,FALSE)),"0") -> 0 | GN12: =IF(AND($C12<>"",$V12<>""),(VLOOKUP($C12,'V-LOOKUP'!$C$4:$N$59,12,FALSE)),"0") -> 0 | GO12: =IF(AND($C12<>"",W12<>""),(VLOOKUP($C12,'V-LOOKUP'!$C$4:$M$59,4,FALSE)),"0") -> 0 | GP12: =IF(AND($C12<>"",$W12<>""),(VLOOKUP($C12,'V-LOOKUP'!$C$4:$M$59,5,FALSE)),"0") -> 0 | GQ12: =IF(AND($C12<>"",$W12<>""),(VLOOKUP($C12,'V-LOOKUP'!$C$4:$M$59,6,FALSE)),"0") -> 0 | GR12: =IF(AND($C12<>"",$W12<>""),(VLOOKUP($C12,'V-LOOKUP'!$C$4:$M$59,7,FALSE)),"0") -> 0 | GS12: =IF(AND($C12<>"",$W12<>""),(VLOOKUP($C12,'V-LOOKUP'!$C$4:$M$59,8,FALSE)),"0") -> 0 | GT12: =IF(AND($C12<>"",$W12<>""),(VLOOKUP($C12,'V-LOOKUP'!$C$4:$M$59,9,FALSE)),"0") -> 0 | GU12: =IF(AND($C12<>"",$W12<>""),(VLOOKUP($C12,'V-LOOKUP'!$C$4:$M$59,10,FALSE)),"0") -> 0 | GV12: =IF(AND($C12<>"",$W12<>""),(VLOOKUP($C12,'V-LOOKUP'!$C$4:$M$59,11,FALSE)),"0") -> 0 | GW12: =IF(AND($C12<>"",$W12<>""),(VLOOKUP($C12,'V-LOOKUP'!$C$4:$N$59,12,FALSE)),"0") -> 0
Z13: =IF(AND($C13<>"",$D13<>""),(VLOOKUP($C13,'V-LOOKUP'!$C$4:$M$59,4,FALSE)),"0") -> 0 | AA13: =IF(AND($C13<>"",$D13<>""),(VLOOKUP($C13,'V-LOOKUP'!$C$4:$M$59,5,FALSE)),"0") -> 0 | AB13: =IF(AND($C13<>"",$D13<>""),(VLOOKUP($C13,'V-LOOKUP'!$C$4:$M$59,6,FALSE)),"0") -> 0 | AC13: =IF(AND($C13<>"",$D13<>""),(VLOOKUP($C13,'V-LOOKUP'!$C$4:$M$59,7,FALSE)),"0") -> 0 | AD13: =IF(AND($C13<>"",$D13<>""),(VLOOKUP($C13,'V-LOOKUP'!$C$4:$M$59,8,FALSE)),"0") -> 0 | AE13: =IF(AND($C13<>"",$D13<>""),(VLOOKUP($C13,'V-LOOKUP'!$C$4:$M$59,9,FALSE)),"0") -> 0 | AF13: =IF(AND($C13<>"",$D13<>""),(VLOOKUP($C13,'V-LOOKUP'!$C$4:$M$59,10,FALSE)),"0") -> 0 | AG13: =IF(AND($C13<>"",$D13<>""),(VLOOKUP($C13,'V-LOOKUP'!$C$4:$M$59,11,FALSE)),"0") -> 0 | AH13: =IF(AND($C13<>"",$D13<>""),(VLOOKUP($C13,'V-LOOKUP'!$C$4:$N$59,12,FALSE)),"0") -> 0 | AI13: =IF(AND($C13<>"",E13<>""),(VLOOKUP($C13,'V-LOOKUP'!$C$4:$M$59,4,FALSE)),"0") -> 0 | AJ13: =IF(AND($C13<>"",$E13<>""),(VLOOKUP($C13,'V-LOOKUP'!$C$4:$M$59,5,FALSE)),"0") -> 0 | AK13: =IF(AND($C13<>"",$E13<>""),(VLOOKUP($C13,'V-LOOKUP'!$C$4:$M$59,6,FALSE)),"0") -> 0 | AL13: =IF(AND($C13<>"",$E13<>""),(VLOOKUP($C13,'V-LOOKUP'!$C$4:$M$59,7,FALSE)),"0") -> 0 | AM13: =IF(AND($C13<>"",$E13<>""),(VLOOKUP($C13,'V-LOOKUP'!$C$4:$M$59,8,FALSE)),"0") -> 0 | AN13: =IF(AND($C13<>"",$E13<>""),(VLOOKUP($C13,'V-LOOKUP'!$C$4:$M$59,9,FALSE)),"0") -> 0 | AO13: =IF(AND($C13<>"",$E13<>""),(VLOOKUP($C13,'V-LOOKUP'!$C$4:$M$59,10,FALSE)),"0") -> 0 | AP13: =IF(AND($C13<>"",$E13<>""),(VLOOKUP($C13,'V-LOOKUP'!$C$4:$M$59,11,FALSE)),"0") -> 0 | AQ13: =IF(AND($C13<>"",$E13<>""),(VLOOKUP($C13,'V-LOOKUP'!$C$4:$N$59,12,FALSE)),"0") -> 0 | AR13: =IF(AND($C13<>"",$F13<>""),(VLOOKUP($C13,'V-LOOKUP'!$C$4:$M$59,4,FALSE)),"0") -> 0 | AS13: =IF(AND($C13<>"",$F13<>""),(VLOOKUP($C13,'V-LOOKUP'!$C$4:$M$59,5,FALSE)),"0") -> 0 | AT13: =IF(AND($C13<>"",$F13<>""),(VLOOKUP($C13,'V-LOOKUP'!$C$4:$M$59,6,FALSE)),"0") -> 0 | AU13: =IF(AND($C13<>"",$F13<>""),(VLOOKUP($C13,'V-LOOKUP'!$C$4:$M$59,7,FALSE)),"0") -> 0 | AV13: =IF(AND($C13<>"",$F13<>""),(VLOOKUP($C13,'V-LOOKUP'!$C$4:$M$59,8,FALSE)),"0") -> 0 | AW13: =IF(AND($C13<>"",$F13<>""),(VLOOKUP($C13,'V-LOOKUP'!$C$4:$M$59,9,FALSE)),"0") -> 0 | AX13: =IF(AND($C13<>"",$F13<>""),(VLOOKUP($C13,'V-LOOKUP'!$C$4:$M$59,10,FALSE)),"0") -> 0 | AY13: =IF(AND($C13<>"",$F13<>""),(VLOOKUP($C13,'V-LOOKUP'!$C$4:$M$59,11,FALSE)),"0") -> 0 | AZ13: =IF(AND($C13<>"",$F13<>""),(VLOOKUP($C13,'V-LOOKUP'!$C$4:$N$59,12,FALSE)),"0") -> 0 | BA13: =IF(AND($C13<>"",G13<>""),(VLOOKUP($C13,'V-LOOKUP'!$C$4:$M$59,4,FALSE)),"0") -> 0 | BB13: =IF(AND($C13<>"",$G13<>""),(VLOOKUP($C13,'V-LOOKUP'!$C$4:$M$59,5,FALSE)),"0") -> 0 | BC13: =IF(AND($C13<>"",$G13<>""),(VLOOKUP($C13,'V-LOOKUP'!$C$4:$M$59,6,FALSE)),"0") -> 0 | BD13: =IF(AND($C13<>"",$G13<>""),(VLOOKUP($C13,'V-LOOKUP'!$C$4:$M$59,7,FALSE)),"0") -> 0 | BE13: =IF(AND($C13<>"",$G13<>""),(VLOOKUP($C13,'V-LOOKUP'!$C$4:$M$59,8,FALSE)),"0") -> 0 | BF13: =IF(AND($C13<>"",$G13<>""),(VLOOKUP($C13,'V-LOOKUP'!$C$4:$M$59,9,FALSE)),"0") -> 0 | BG13: =IF(AND($C13<>"",$G13<>""),(VLOOKUP($C13,'V-LOOKUP'!$C$4:$M$59,10,FALSE)),"0") -> 0 | BH13: =IF(AND($C13<>"",$G13<>""),(VLOOKUP($C13,'V-LOOKUP'!$C$4:$M$59,11,FALSE)),"0") -> 0 | BI13: =IF(AND($C13<>"",$G13<>""),(VLOOKUP($C13,'V-LOOKUP'!$C$4:$N$59,12,FALSE)),"0") -> 0 | BJ13: =IF(AND($C13<>"",H13<>""),(VLOOKUP($C13,'V-LOOKUP'!$C$4:$M$59,4,FALSE)),"0") -> 0 | BK13: =IF(AND($C13<>"",$G13<>""),(VLOOKUP($C13,'V-LOOKUP'!$C$4:$M$59,5,FALSE)),"0") -> 0 | BL13: =IF(AND($C13<>"",$H13<>""),(VLOOKUP($C13,'V-LOOKUP'!$C$4:$M$59,6,FALSE)),"0") -> 0 | BM13: =IF(AND($C13<>"",$H13<>""),(VLOOKUP($C13,'V-LOOKUP'!$C$4:$M$59,7,FALSE)),"0") -> 0 | BN13: =IF(AND($C13<>"",$H13<>""),(VLOOKUP($C13,'V-LOOKUP'!$C$4:$M$59,8,FALSE)),"0") -> 0 | BO13: =IF(AND($C13<>"",$H13<>""),(VLOOKUP($C13,'V-LOOKUP'!$C$4:$M$59,9,FALSE)),"0") -> 0 | BP13: =IF(AND($C13<>"",$H13<>""),(VLOOKUP($C13,'V-LOOKUP'!$C$4:$M$59,10,FALSE)),"0") -> 0 | BQ13: =IF(AND($C13<>"",$H13<>""),(VLOOKUP($C13,'V-LOOKUP'!$C$4:$M$59,11,FALSE)),"0") -> 0 | BR13: =IF(AND($C13<>"",$H13<>""),(VLOOKUP($C13,'V-LOOKUP'!$C$4:$N$59,12,FALSE)),"0") -> 0 | BS13: =IF(AND($C13<>"",I13<>""),(VLOOKUP($C13,'V-LOOKUP'!$C$4:$M$59,4,FALSE)),"0") -> 0 | BT13: =IF(AND($C13<>"",$I13<>""),(VLOOKUP($C13,'V-LOOKUP'!$C$4:$M$59,5,FALSE)),"0") -> 0 | BU13: =IF(AND($C13<>"",$I13<>""),(VLOOKUP($C13,'V-LOOKUP'!$C$4:$M$59,6,FALSE)),"0") -> 0 | BV13: =IF(AND($C13<>"",$I13<>""),(VLOOKUP($C13,'V-LOOKUP'!$C$4:$M$59,7,FALSE)),"0") -> 0 | BW13: =IF(AND($C13<>"",$I13<>""),(VLOOKUP($C13,'V-LOOKUP'!$C$4:$M$59,8,FALSE)),"0") -> 0 | BX13: =IF(AND($C13<>"",$I13<>""),(VLOOKUP($C13,'V-LOOKUP'!$C$4:$M$59,9,FALSE)),"0") -> 0 | BY13: =IF(AND($C13<>"",$I13<>""),(VLOOKUP($C13,'V-LOOKUP'!$C$4:$M$59,10,FALSE)),"0") -> 0 | BZ13: =IF(AND($C13<>"",$I13<>""),(VLOOKUP($C13,'V-LOOKUP'!$C$4:$M$59,11,FALSE)),"0") -> 0 | CA13: =IF(AND($C13<>"",$I13<>""),(VLOOKUP($C13,'V-LOOKUP'!$C$4:$N$59,12,FALSE)),"0") -> 0 | CB13: =IF(AND($C13<>"",J13<>""),(VLOOKUP($C13,'V-LOOKUP'!$C$4:$M$59,4,FALSE)),"0") -> 0 | CC13: =IF(AND($C13<>"",$J13<>""),(VLOOKUP($C13,'V-LOOKUP'!$C$4:$M$59,5,FALSE)),"0") -> 0 | CD13: =IF(AND($C13<>"",$J13<>""),(VLOOKUP($C13,'V-LOOKUP'!$C$4:$M$59,6,FALSE)),"0") -> 0 | CE13: =IF(AND($C13<>"",$J13<>""),(VLOOKUP($C13,'V-LOOKUP'!$C$4:$M$59,7,FALSE)),"0") -> 0 | CF13: =IF(AND($C13<>"",$J13<>""),(VLOOKUP($C13,'V-LOOKUP'!$C$4:$M$59,8,FALSE)),"0") -> 0 | CG13: =IF(AND($C13<>"",$J13<>""),(VLOOKUP($C13,'V-LOOKUP'!$C$4:$M$59,9,FALSE)),"0") -> 0 | CH13: =IF(AND($C13<>"",$J13<>""),(VLOOKUP($C13,'V-LOOKUP'!$C$4:$M$59,10,FALSE)),"0") -> 0 | CI13: =IF(AND($C13<>"",$J13<>""),(VLOOKUP($C13,'V-LOOKUP'!$C$4:$M$59,11,FALSE)),"0") -> 0 | CJ13: =IF(AND($C13<>"",$J13<>""),(VLOOKUP($C13,'V-LOOKUP'!$C$4:$N$59,12,FALSE)),"0") -> 0 | CK13: =IF(AND($C13<>"",K13<>""),(VLOOKUP($C13,'V-LOOKUP'!$C$4:$M$59,4,FALSE)),"0") -> 0 | CL13: =IF(AND($C13<>"",$K13<>""),(VLOOKUP($C13,'V-LOOKUP'!$C$4:$M$59,5,FALSE)),"0") -> 0 | CM13: =IF(AND($C13<>"",$K13<>""),(VLOOKUP($C13,'V-LOOKUP'!$C$4:$M$59,6,FALSE)),"0") -> 0 | CN13: =IF(AND($C13<>"",$K13<>""),(VLOOKUP($C13,'V-LOOKUP'!$C$4:$M$59,7,FALSE)),"0") -> 0 | CO13: =IF(AND($C13<>"",$K13<>""),(VLOOKUP($C13,'V-LOOKUP'!$C$4:$M$59,8,FALSE)),"0") -> 0 | CP13: =IF(AND($C13<>"",$K13<>""),(VLOOKUP($C13,'V-LOOKUP'!$C$4:$M$59,9,FALSE)),"0") -> 0 | CQ13: =IF(AND($C13<>"",$K13<>""),(VLOOKUP($C13,'V-LOOKUP'!$C$4:$M$59,10,FALSE)),"0") -> 0 | CR13: =IF(AND($C13<>"",$K13<>""),(VLOOKUP($C13,'V-LOOKUP'!$C$4:$M$59,11,FALSE)),"0") -> 0 | CS13: =IF(AND($C13<>"",$K13<>""),(VLOOKUP($C13,'V-LOOKUP'!$C$4:$N$59,12,FALSE)),"0") -> 0 | CT13: =IF(AND($C13<>"",L13<>""),(VLOOKUP($C13,'V-LOOKUP'!$C$4:$M$59,4,FALSE)),"0") -> 0 | CU13: =IF(AND($C13<>"",$L13<>""),(VLOOKUP($C13,'V-LOOKUP'!$C$4:$M$59,5,FALSE)),"0") -> 0 | CV13: =IF(AND($C13<>"",$L13<>""),(VLOOKUP($C13,'V-LOOKUP'!$C$4:$M$59,6,FALSE)),"0") -> 0 | CW13: =IF(AND($C13<>"",$L13<>""),(VLOOKUP($C13,'V-LOOKUP'!$C$4:$M$59,7,FALSE)),"0") -> 0 | CX13: =IF(AND($C13<>"",$L13<>""),(VLOOKUP($C13,'V-LOOKUP'!$C$4:$M$59,8,FALSE)),"0") -> 0 | CY13: =IF(AND($C13<>"",$L13<>""),(VLOOKUP($C13,'V-LOOKUP'!$C$4:$M$59,9,FALSE)),"0") -> 0 | CZ13: =IF(AND($C13<>"",$L13<>""),(VLOOKUP($C13,'V-LOOKUP'!$C$4:$M$59,10,FALSE)),"0") -> 0 | DA13: =IF(AND($C13<>"",$L13<>""),(VLOOKUP($C13,'V-LOOKUP'!$C$4:$M$59,11,FALSE)),"0") -> 0 | DB13: =IF(AND($C13<>"",$L13<>""),(VLOOKUP($C13,'V-LOOKUP'!$C$4:$N$59,12,FALSE)),"0") -> 0 | DC13: =IF(AND($C13<>"",M13<>""),(VLOOKUP($C13,'V-LOOKUP'!$C$4:$M$59,4,FALSE)),"0") -> 0 | DD13: =IF(AND($C13<>"",$M13<>""),(VLOOKUP($C13,'V-LOOKUP'!$C$4:$M$59,5,FALSE)),"0") -> 0 | DE13: =IF(AND($C13<>"",$M13<>""),(VLOOKUP($C13,'V-LOOKUP'!$C$4:$M$59,6,FALSE)),"0") -> 0 | DF13: =IF(AND($C13<>"",$M13<>""),(VLOOKUP($C13,'V-LOOKUP'!$C$4:$M$59,7,FALSE)),"0") -> 0 | DG13: =IF(AND($C13<>"",$M13<>""),(VLOOKUP($C13,'V-LOOKUP'!$C$4:$M$59,8,FALSE)),"0") -> 0 | DH13: =IF(AND($C13<>"",$M13<>""),(VLOOKUP($C13,'V-LOOKUP'!$C$4:$M$59,9,FALSE)),"0") -> 0 | DI13: =IF(AND($C13<>"",$M13<>""),(VLOOKUP($C13,'V-LOOKUP'!$C$4:$M$59,10,FALSE)),"0") -> 0 | DJ13: =IF(AND($C13<>"",$M13<>""),(VLOOKUP($C13,'V-LOOKUP'!$C$4:$M$59,11,FALSE)),"0") -> 0 | DK13: =IF(AND($C13<>"",$M13<>""),(VLOOKUP($C13,'V-LOOKUP'!$C$4:$N$59,12,FALSE)),"0") -> 0 | DL13: =IF(AND($C13<>"",$N13<>""),(VLOOKUP($C13,'V-LOOKUP'!$C$4:$M$59,4,FALSE)),"0") -> 0 | DM13: =IF(AND($C13<>"",$N13<>""),(VLOOKUP($C13,'V-LOOKUP'!$C$4:$M$59,5,FALSE)),"0") -> 0 | DN13: =IF(AND($C13<>"",$N13<>""),(VLOOKUP($C13,'V-LOOKUP'!$C$4:$M$59,6,FALSE)),"0") -> 0 | DO13: =IF(AND($C13<>"",$N13<>""),(VLOOKUP($C13,'V-LOOKUP'!$C$4:$M$59,7,FALSE)),"0") -> 0 | DP13: =IF(AND($C13<>"",$N13<>""),(VLOOKUP($C13,'V-LOOKUP'!$C$4:$M$59,8,FALSE)),"0") -> 0 | DQ13: =IF(AND($C13<>"",$N13<>""),(VLOOKUP($C13,'V-LOOKUP'!$C$4:$M$59,9,FALSE)),"0") -> 0 | DR13: =IF(AND($C13<>"",$N13<>""),(VLOOKUP($C13,'V-LOOKUP'!$C$4:$M$59,10,FALSE)),"0") -> 0 | DS13: =IF(AND($C13<>"",$N13<>""),(VLOOKUP($C13,'V-LOOKUP'!$C$4:$M$59,11,FALSE)),"0") -> 0 | DT13: =IF(AND($C13<>"",$N13<>""),(VLOOKUP($C13,'V-LOOKUP'!$C$4:$N$59,12,FALSE)),"0") -> 0 | DU13: =IF(AND($C13<>"",O13<>""),(VLOOKUP($C13,'V-LOOKUP'!$C$4:$M$59,4,FALSE)),"0") -> 0 | DV13: =IF(AND($C13<>"",$O13<>""),(VLOOKUP($C13,'V-LOOKUP'!$C$4:$M$59,5,FALSE)),"0") -> 0 | DW13: =IF(AND($C13<>"",$O13<>""),(VLOOKUP($C13,'V-LOOKUP'!$C$4:$M$59,6,FALSE)),"0") -> 0 | DX13: =IF(AND($C13<>"",$O13<>""),(VLOOKUP($C13,'V-LOOKUP'!$C$4:$M$59,7,FALSE)),"0") -> 0 | DY13: =IF(AND($C13<>"",$O13<>""),(VLOOKUP($C13,'V-LOOKUP'!$C$4:$M$59,8,FALSE)),"0") -> 0 | DZ13: =IF(AND($C13<>"",$O13<>""),(VLOOKUP($C13,'V-LOOKUP'!$C$4:$M$59,9,FALSE)),"0") -> 0 | EA13: =IF(AND($C13<>"",$O13<>""),(VLOOKUP($C13,'V-LOOKUP'!$C$4:$M$59,10,FALSE)),"0") -> 0 | EB13: =IF(AND($C13<>"",$O13<>""),(VLOOKUP($C13,'V-LOOKUP'!$C$4:$M$59,11,FALSE)),"0") -> 0 | EC13: =IF(AND($C13<>"",$O13<>""),(VLOOKUP($C13,'V-LOOKUP'!$C$4:$N$59,12,FALSE)),"0") -> 0 | ED13: =IF(AND($C13<>"",P13<>""),(VLOOKUP($C13,'V-LOOKUP'!$C$4:$M$59,4,FALSE)),"0") -> 0 | EE13: =IF(AND($C13<>"",$P13<>""),(VLOOKUP($C13,'V-LOOKUP'!$C$4:$M$59,5,FALSE)),"0") -> 0 | EF13: =IF(AND($C13<>"",$P13<>""),(VLOOKUP($C13,'V-LOOKUP'!$C$4:$M$59,6,FALSE)),"0") -> 0 | EG13: =IF(AND($C13<>"",$P13<>""),(VLOOKUP($C13,'V-LOOKUP'!$C$4:$M$59,7,FALSE)),"0") -> 0 | EH13: =IF(AND($C13<>"",$P13<>""),(VLOOKUP($C13,'V-LOOKUP'!$C$4:$M$59,8,FALSE)),"0") -> 0 | EI13: =IF(AND($C13<>"",$P13<>""),(VLOOKUP($C13,'V-LOOKUP'!$C$4:$M$59,9,FALSE)),"0") -> 0 | EJ13: =IF(AND($C13<>"",$P13<>""),(VLOOKUP($C13,'V-LOOKUP'!$C$4:$M$59,10,FALSE)),"0") -> 0 | EK13: =IF(AND($C13<>"",$P13<>""),(VLOOKUP($C13,'V-LOOKUP'!$C$4:$M$59,11,FALSE)),"0") -> 0 | EL13: =IF(AND($C13<>"",$P13<>""),(VLOOKUP($C13,'V-LOOKUP'!$C$4:$N$59,12,FALSE)),"0") -> 0 | EM13: =IF(AND($C13<>"",Q13<>""),(VLOOKUP($C13,'V-LOOKUP'!$C$4:$M$59,4,FALSE)),"0") -> 0 | EN13: =IF(AND($C13<>"",$Q13<>""),(VLOOKUP($C13,'V-LOOKUP'!$C$4:$M$59,5,FALSE)),"0") -> 0 | EO13: =IF(AND($C13<>"",$Q13<>""),(VLOOKUP($C13,'V-LOOKUP'!$C$4:$M$59,6,FALSE)),"0") -> 0 | EP13: =IF(AND($C13<>"",$Q13<>""),(VLOOKUP($C13,'V-LOOKUP'!$C$4:$M$59,7,FALSE)),"0") -> 0 | EQ13: =IF(AND($C13<>"",$Q13<>""),(VLOOKUP($C13,'V-LOOKUP'!$C$4:$M$59,8,FALSE)),"0") -> 0 | ER13: =IF(AND($C13<>"",$Q13<>""),(VLOOKUP($C13,'V-LOOKUP'!$C$4:$M$59,9,FALSE)),"0") -> 0 | ES13: =IF(AND($C13<>"",$Q13<>""),(VLOOKUP($C13,'V-LOOKUP'!$C$4:$M$59,10,FALSE)),"0") -> 0 | ET13: =IF(AND($C13<>"",$Q13<>""),(VLOOKUP($C13,'V-LOOKUP'!$C$4:$M$59,11,FALSE)),"0") -> 0 | EU13: =IF(AND($C13<>"",$Q13<>""),(VLOOKUP($C13,'V-LOOKUP'!$C$4:$N$59,12,FALSE)),"0") -> 0 | EV13: =IF(AND($C13<>"",R13<>""),(VLOOKUP($C13,'V-LOOKUP'!$C$4:$M$59,4,FALSE)),"0") -> 0 | EW13: =IF(AND($C13<>"",$R13<>""),(VLOOKUP($C13,'V-LOOKUP'!$C$4:$M$59,5,FALSE)),"0") -> 0 | EX13: =IF(AND($C13<>"",$R13<>""),(VLOOKUP($C13,'V-LOOKUP'!$C$4:$M$59,6,FALSE)),"0") -> 0 | EY13: =IF(AND($C13<>"",$R13<>""),(VLOOKUP($C13,'V-LOOKUP'!$C$4:$M$59,7,FALSE)),"0") -> 0 | EZ13: =IF(AND($C13<>"",$R13<>""),(VLOOKUP($C13,'V-LOOKUP'!$C$4:$M$59,8,FALSE)),"0") -> 0 | FA13: =IF(AND($C13<>"",$R13<>""),(VLOOKUP($C13,'V-LOOKUP'!$C$4:$M$59,9,FALSE)),"0") -> 0 | FB13: =IF(AND($C13<>"",$R13<>""),(VLOOKUP($C13,'V-LOOKUP'!$C$4:$M$59,10,FALSE)),"0") -> 0 | FC13: =IF(AND($C13<>"",$R13<>""),(VLOOKUP($C13,'V-LOOKUP'!$C$4:$M$59,11,FALSE)),"0") -> 0 | FD13: =IF(AND($C13<>"",$R13<>""),(VLOOKUP($C13,'V-LOOKUP'!$C$4:$N$59,12,FALSE)),"0") -> 0 | FE13: =IF(AND($C13<>"",S13<>""),(VLOOKUP($C13,'V-LOOKUP'!$C$4:$M$59,4,FALSE)),"0") -> 0 | FF13: =IF(AND($C13<>"",$S13<>""),(VLOOKUP($C13,'V-LOOKUP'!$C$4:$M$59,5,FALSE)),"0") -> 0 | FG13: =IF(AND($C13<>"",$S13<>""),(VLOOKUP($C13,'V-LOOKUP'!$C$4:$M$59,6,FALSE)),"0") -> 0 | FH13: =IF(AND($C13<>"",$S13<>""),(VLOOKUP($C13,'V-LOOKUP'!$C$4:$M$59,7,FALSE)),"0") -> 0 | FI13: =IF(AND($C13<>"",$S13<>""),(VLOOKUP($C13,'V-LOOKUP'!$C$4:$M$59,8,FALSE)),"0") -> 0 | FJ13: =IF(AND($C13<>"",$S13<>""),(VLOOKUP($C13,'V-LOOKUP'!$C$4:$M$59,9,FALSE)),"0") -> 0 | FK13: =IF(AND($C13<>"",$S13<>""),(VLOOKUP($C13,'V-LOOKUP'!$C$4:$M$59,10,FALSE)),"0") -> 0 | FL13: =IF(AND($C13<>"",$S13<>""),(VLOOKUP($C13,'V-LOOKUP'!$C$4:$M$59,11,FALSE)),"0") -> 0 | FM13: =IF(AND($C13<>"",$S13<>""),(VLOOKUP($C13,'V-LOOKUP'!$C$4:$N$59,12,FALSE)),"0") -> 0 | FN13: =IF(AND($C13<>"",T13<>""),(VLOOKUP($C13,'V-LOOKUP'!$C$4:$M$59,4,FALSE)),"0") -> 0 | FO13: =IF(AND($C13<>"",$T13<>""),(VLOOKUP($C13,'V-LOOKUP'!$C$4:$M$59,5,FALSE)),"0") -> 0 | FP13: =IF(AND($C13<>"",$T13<>""),(VLOOKUP($C13,'V-LOOKUP'!$C$4:$M$59,6,FALSE)),"0") -> 0 | FQ13: =IF(AND($C13<>"",$T13<>""),(VLOOKUP($C13,'V-LOOKUP'!$C$4:$M$59,7,FALSE)),"0") -> 0 | FR13: =IF(AND($C13<>"",$T13<>""),(VLOOKUP($C13,'V-LOOKUP'!$C$4:$M$59,8,FALSE)),"0") -> 0 | FS13: =IF(AND($C13<>"",$T13<>""),(VLOOKUP($C13,'V-LOOKUP'!$C$4:$M$59,9,FALSE)),"0") -> 0 | FT13: =IF(AND($C13<>"",$T13<>""),(VLOOKUP($C13,'V-LOOKUP'!$C$4:$M$59,10,FALSE)),"0") -> 0 | FU13: =IF(AND($C13<>"",$T13<>""),(VLOOKUP($C13,'V-LOOKUP'!$C$4:$M$59,11,FALSE)),"0") -> 0 | FV13: =IF(AND($C13<>"",$T13<>""),(VLOOKUP($C13,'V-LOOKUP'!$C$4:$N$59,12,FALSE)),"0") -> 0 | FW13: =IF(AND($C13<>"",U13<>""),(VLOOKUP($C13,'V-LOOKUP'!$C$4:$M$59,4,FALSE)),"0") -> 0 | FX13: =IF(AND($C13<>"",$U13<>""),(VLOOKUP($C13,'V-LOOKUP'!$C$4:$M$59,5,FALSE)),"0") -> 0 | FY13: =IF(AND($C13<>"",$U13<>""),(VLOOKUP($C13,'V-LOOKUP'!$C$4:$M$59,6,FALSE)),"0") -> 0 | FZ13: =IF(AND($C13<>"",$U13<>""),(VLOOKUP($C13,'V-LOOKUP'!$C$4:$M$59,7,FALSE)),"0") -> 0 | GA13: =IF(AND($C13<>"",$U13<>""),(VLOOKUP($C13,'V-LOOKUP'!$C$4:$M$59,8,FALSE)),"0") -> 0 | GB13: =IF(AND($C13<>"",$U13<>""),(VLOOKUP($C13,'V-LOOKUP'!$C$4:$M$59,9,FALSE)),"0") -> 0 | GC13: =IF(AND($C13<>"",$U13<>""),(VLOOKUP($C13,'V-LOOKUP'!$C$4:$M$59,10,FALSE)),"0") -> 0 | GD13: =IF(AND($C13<>"",$U13<>""),(VLOOKUP($C13,'V-LOOKUP'!$C$4:$M$59,11,FALSE)),"0") -> 0 | GE13: =IF(AND($C13<>"",$U13<>""),(VLOOKUP($C13,'V-LOOKUP'!$C$4:$N$59,12,FALSE)),"0") -> 0 | GF13: =IF(AND($C13<>"",V13<>""),(VLOOKUP($C13,'V-LOOKUP'!$C$4:$M$59,4,FALSE)),"0") -> 0 | GG13: =IF(AND($C13<>"",$V13<>""),(VLOOKUP($C13,'V-LOOKUP'!$C$4:$M$59,5,FALSE)),"0") -> 0 | GH13: =IF(AND($C13<>"",$V13<>""),(VLOOKUP($C13,'V-LOOKUP'!$C$4:$M$59,6,FALSE)),"0") -> 0 | GI13: =IF(AND($C13<>"",$V13<>""),(VLOOKUP($C13,'V-LOOKUP'!$C$4:$M$59,7,FALSE)),"0") -> 0 | GJ13: =IF(AND($C13<>"",$V13<>""),(VLOOKUP($C13,'V-LOOKUP'!$C$4:$M$59,8,FALSE)),"0") -> 0 | GK13: =IF(AND($C13<>"",$V13<>""),(VLOOKUP($C13,'V-LOOKUP'!$C$4:$M$59,9,FALSE)),"0") -> 0 | GL13: =IF(AND($C13<>"",$V13<>""),(VLOOKUP($C13,'V-LOOKUP'!$C$4:$M$59,10,FALSE)),"0") -> 0 | GM13: =IF(AND($C13<>"",$V13<>""),(VLOOKUP($C13,'V-LOOKUP'!$C$4:$M$59,11,FALSE)),"0") -> 0 | GN13: =IF(AND($C13<>"",$V13<>""),(VLOOKUP($C13,'V-LOOKUP'!$C$4:$N$59,12,FALSE)),"0") -> 0 | GO13: =IF(AND($C13<>"",W13<>""),(VLOOKUP($C13,'V-LOOKUP'!$C$4:$M$59,4,FALSE)),"0") -> 0 | GP13: =IF(AND($C13<>"",$W13<>""),(VLOOKUP($C13,'V-LOOKUP'!$C$4:$M$59,5,FALSE)),"0") -> 0 | GQ13: =IF(AND($C13<>"",$W13<>""),(VLOOKUP($C13,'V-LOOKUP'!$C$4:$M$59,6,FALSE)),"0") -> 0 | GR13: =IF(AND($C13<>"",$W13<>""),(VLOOKUP($C13,'V-LOOKUP'!$C$4:$M$59,7,FALSE)),"0") -> 0 | GS13: =IF(AND($C13<>"",$W13<>""),(VLOOKUP($C13,'V-LOOKUP'!$C$4:$M$59,8,FALSE)),"0") -> 0 | GT13: =IF(AND($C13<>"",$W13<>""),(VLOOKUP($C13,'V-LOOKUP'!$C$4:$M$59,9,FALSE)),"0") -> 0 | GU13: =IF(AND($C13<>"",$W13<>""),(VLOOKUP($C13,'V-LOOKUP'!$C$4:$M$59,10,FALSE)),"0") -> 0 | GV13: =IF(AND($C13<>"",$W13<>""),(VLOOKUP($C13,'V-LOOKUP'!$C$4:$M$59,11,FALSE)),"0") -> 0 | GW13: =IF(AND($C13<>"",$W13<>""),(VLOOKUP($C13,'V-LOOKUP'!$C$4:$N$59,12,FALSE)),"0") -> 0
Z14: =IF(AND($C14<>"",$D14<>""),(VLOOKUP($C14,'V-LOOKUP'!$C$4:$M$59,4,FALSE)),"0") -> 0 | AA14: =IF(AND($C14<>"",$D14<>""),(VLOOKUP($C14,'V-LOOKUP'!$C$4:$M$59,5,FALSE)),"0") -> 0 | AB14: =IF(AND($C14<>"",$D14<>""),(VLOOKUP($C14,'V-LOOKUP'!$C$4:$M$59,6,FALSE)),"0") -> 0 | AC14: =IF(AND($C14<>"",$D14<>""),(VLOOKUP($C14,'V-LOOKUP'!$C$4:$M$59,7,FALSE)),"0") -> 0 | AD14: =IF(AND($C14<>"",$D14<>""),(VLOOKUP($C14,'V-LOOKUP'!$C$4:$M$59,8,FALSE)),"0") -> 0 | AE14: =IF(AND($C14<>"",$D14<>""),(VLOOKUP($C14,'V-LOOKUP'!$C$4:$M$59,9,FALSE)),"0") -> 0 | AF14: =IF(AND($C14<>"",$D14<>""),(VLOOKUP($C14,'V-LOOKUP'!$C$4:$M$59,10,FALSE)),"0") -> 0 | AG14: =IF(AND($C14<>"",$D14<>""),(VLOOKUP($C14,'V-LOOKUP'!$C$4:$M$59,11,FALSE)),"0") -> 0 | AH14: =IF(AND($C14<>"",$D14<>""),(VLOOKUP($C14,'V-LOOKUP'!$C$4:$N$59,12,FALSE)),"0") -> 0 | AI14: =IF(AND($C14<>"",E14<>""),(VLOOKUP($C14,'V-LOOKUP'!$C$4:$M$59,4,FALSE)),"0") -> 0 | AJ14: =IF(AND($C14<>"",$E14<>""),(VLOOKUP($C14,'V-LOOKUP'!$C$4:$M$59,5,FALSE)),"0") -> 0 | AK14: =IF(AND($C14<>"",$E14<>""),(VLOOKUP($C14,'V-LOOKUP'!$C$4:$M$59,6,FALSE)),"0") -> 0 | AL14: =IF(AND($C14<>"",$E14<>""),(VLOOKUP($C14,'V-LOOKUP'!$C$4:$M$59,7,FALSE)),"0") -> 0 | AM14: =IF(AND($C14<>"",$E14<>""),(VLOOKUP($C14,'V-LOOKUP'!$C$4:$M$59,8,FALSE)),"0") -> 0 | AN14: =IF(AND($C14<>"",$E14<>""),(VLOOKUP($C14,'V-LOOKUP'!$C$4:$M$59,9,FALSE)),"0") -> 0 | AO14: =IF(AND($C14<>"",$E14<>""),(VLOOKUP($C14,'V-LOOKUP'!$C$4:$M$59,10,FALSE)),"0") -> 0 | AP14: =IF(AND($C14<>"",$E14<>""),(VLOOKUP($C14,'V-LOOKUP'!$C$4:$M$59,11,FALSE)),"0") -> 0 | AQ14: =IF(AND($C14<>"",$E14<>""),(VLOOKUP($C14,'V-LOOKUP'!$C$4:$N$59,12,FALSE)),"0") -> 0 | AR14: =IF(AND($C14<>"",$F14<>""),(VLOOKUP($C14,'V-LOOKUP'!$C$4:$M$59,4,FALSE)),"0") -> 0 | AS14: =IF(AND($C14<>"",$F14<>""),(VLOOKUP($C14,'V-LOOKUP'!$C$4:$M$59,5,FALSE)),"0") -> 0 | AT14: =IF(AND($C14<>"",$F14<>""),(VLOOKUP($C14,'V-LOOKUP'!$C$4:$M$59,6,FALSE)),"0") -> 0 | AU14: =IF(AND($C14<>"",$F14<>""),(VLOOKUP($C14,'V-LOOKUP'!$C$4:$M$59,7,FALSE)),"0") -> 0 | AV14: =IF(AND($C14<>"",$F14<>""),(VLOOKUP($C14,'V-LOOKUP'!$C$4:$M$59,8,FALSE)),"0") -> 0 | AW14: =IF(AND($C14<>"",$F14<>""),(VLOOKUP($C14,'V-LOOKUP'!$C$4:$M$59,9,FALSE)),"0") -> 0 | AX14: =IF(AND($C14<>"",$F14<>""),(VLOOKUP($C14,'V-LOOKUP'!$C$4:$M$59,10,FALSE)),"0") -> 0 | AY14: =IF(AND($C14<>"",$F14<>""),(VLOOKUP($C14,'V-LOOKUP'!$C$4:$M$59,11,FALSE)),"0") -> 0 | AZ14: =IF(AND($C14<>"",$F14<>""),(VLOOKUP($C14,'V-LOOKUP'!$C$4:$N$59,12,FALSE)),"0") -> 0 | BA14: =IF(AND($C14<>"",G14<>""),(VLOOKUP($C14,'V-LOOKUP'!$C$4:$M$59,4,FALSE)),"0") -> 0 | BB14: =IF(AND($C14<>"",$G14<>""),(VLOOKUP($C14,'V-LOOKUP'!$C$4:$M$59,5,FALSE)),"0") -> 0 | BC14: =IF(AND($C14<>"",$G14<>""),(VLOOKUP($C14,'V-LOOKUP'!$C$4:$M$59,6,FALSE)),"0") -> 0 | BD14: =IF(AND($C14<>"",$G14<>""),(VLOOKUP($C14,'V-LOOKUP'!$C$4:$M$59,7,FALSE)),"0") -> 0 | BE14: =IF(AND($C14<>"",$G14<>""),(VLOOKUP($C14,'V-LOOKUP'!$C$4:$M$59,8,FALSE)),"0") -> 0 | BF14: =IF(AND($C14<>"",$G14<>""),(VLOOKUP($C14,'V-LOOKUP'!$C$4:$M$59,9,FALSE)),"0") -> 0 | BG14: =IF(AND($C14<>"",$G14<>""),(VLOOKUP($C14,'V-LOOKUP'!$C$4:$M$59,10,FALSE)),"0") -> 0 | BH14: =IF(AND($C14<>"",$G14<>""),(VLOOKUP($C14,'V-LOOKUP'!$C$4:$M$59,11,FALSE)),"0") -> 0 | BI14: =IF(AND($C14<>"",$G14<>""),(VLOOKUP($C14,'V-LOOKUP'!$C$4:$N$59,12,FALSE)),"0") -> 0 | BJ14: =IF(AND($C14<>"",H14<>""),(VLOOKUP($C14,'V-LOOKUP'!$C$4:$M$59,4,FALSE)),"0") -> 0 | BK14: =IF(AND($C14<>"",$G14<>""),(VLOOKUP($C14,'V-LOOKUP'!$C$4:$M$59,5,FALSE)),"0") -> 0 | BL14: =IF(AND($C14<>"",$H14<>""),(VLOOKUP($C14,'V-LOOKUP'!$C$4:$M$59,6,FALSE)),"0") -> 0 | BM14: =IF(AND($C14<>"",$H14<>""),(VLOOKUP($C14,'V-LOOKUP'!$C$4:$M$59,7,FALSE)),"0") -> 0 | BN14: =IF(AND($C14<>"",$H14<>""),(VLOOKUP($C14,'V-LOOKUP'!$C$4:$M$59,8,FALSE)),"0") -> 0 | BO14: =IF(AND($C14<>"",$H14<>""),(VLOOKUP($C14,'V-LOOKUP'!$C$4:$M$59,9,FALSE)),"0") -> 0 | BP14: =IF(AND($C14<>"",$H14<>""),(VLOOKUP($C14,'V-LOOKUP'!$C$4:$M$59,10,FALSE)),"0") -> 0 | BQ14: =IF(AND($C14<>"",$H14<>""),(VLOOKUP($C14,'V-LOOKUP'!$C$4:$M$59,11,FALSE)),"0") -> 0 | BR14: =IF(AND($C14<>"",$H14<>""),(VLOOKUP($C14,'V-LOOKUP'!$C$4:$N$59,12,FALSE)),"0") -> 0 | BS14: =IF(AND($C14<>"",I14<>""),(VLOOKUP($C14,'V-LOOKUP'!$C$4:$M$59,4,FALSE)),"0") -> 0 | BT14: =IF(AND($C14<>"",$I14<>""),(VLOOKUP($C14,'V-LOOKUP'!$C$4:$M$59,5,FALSE)),"0") -> 0 | BU14: =IF(AND($C14<>"",$I14<>""),(VLOOKUP($C14,'V-LOOKUP'!$C$4:$M$59,6,FALSE)),"0") -> 0 | BV14: =IF(AND($C14<>"",$I14<>""),(VLOOKUP($C14,'V-LOOKUP'!$C$4:$M$59,7,FALSE)),"0") -> 0 | BW14: =IF(AND($C14<>"",$I14<>""),(VLOOKUP($C14,'V-LOOKUP'!$C$4:$M$59,8,FALSE)),"0") -> 0 | BX14: =IF(AND($C14<>"",$I14<>""),(VLOOKUP($C14,'V-LOOKUP'!$C$4:$M$59,9,FALSE)),"0") -> 0 | BY14: =IF(AND($C14<>"",$I14<>""),(VLOOKUP($C14,'V-LOOKUP'!$C$4:$M$59,10,FALSE)),"0") -> 0 | BZ14: =IF(AND($C14<>"",$I14<>""),(VLOOKUP($C14,'V-LOOKUP'!$C$4:$M$59,11,FALSE)),"0") -> 0 | CA14: =IF(AND($C14<>"",$I14<>""),(VLOOKUP($C14,'V-LOOKUP'!$C$4:$N$59,12,FALSE)),"0") -> 0 | CB14: =IF(AND($C14<>"",J14<>""),(VLOOKUP($C14,'V-LOOKUP'!$C$4:$M$59,4,FALSE)),"0") -> 0 | CC14: =IF(AND($C14<>"",$J14<>""),(VLOOKUP($C14,'V-LOOKUP'!$C$4:$M$59,5,FALSE)),"0") -> 0 | CD14: =IF(AND($C14<>"",$J14<>""),(VLOOKUP($C14,'V-LOOKUP'!$C$4:$M$59,6,FALSE)),"0") -> 0 | CE14: =IF(AND($C14<>"",$J14<>""),(VLOOKUP($C14,'V-LOOKUP'!$C$4:$M$59,7,FALSE)),"0") -> 0 | CF14: =IF(AND($C14<>"",$J14<>""),(VLOOKUP($C14,'V-LOOKUP'!$C$4:$M$59,8,FALSE)),"0") -> 0 | CG14: =IF(AND($C14<>"",$J14<>""),(VLOOKUP($C14,'V-LOOKUP'!$C$4:$M$59,9,FALSE)),"0") -> 0 | CH14: =IF(AND($C14<>"",$J14<>""),(VLOOKUP($C14,'V-LOOKUP'!$C$4:$M$59,10,FALSE)),"0") -> 0 | CI14: =IF(AND($C14<>"",$J14<>""),(VLOOKUP($C14,'V-LOOKUP'!$C$4:$M$59,11,FALSE)),"0") -> 0 | CJ14: =IF(AND($C14<>"",$J14<>""),(VLOOKUP($C14,'V-LOOKUP'!$C$4:$N$59,12,FALSE)),"0") -> 0 | CK14: =IF(AND($C14<>"",K14<>""),(VLOOKUP($C14,'V-LOOKUP'!$C$4:$M$59,4,FALSE)),"0") -> 0 | CL14: =IF(AND($C14<>"",$K14<>""),(VLOOKUP($C14,'V-LOOKUP'!$C$4:$M$59,5,FALSE)),"0") -> 0 | CM14: =IF(AND($C14<>"",$K14<>""),(VLOOKUP($C14,'V-LOOKUP'!$C$4:$M$59,6,FALSE)),"0") -> 0 | CN14: =IF(AND($C14<>"",$K14<>""),(VLOOKUP($C14,'V-LOOKUP'!$C$4:$M$59,7,FALSE)),"0") -> 0 | CO14: =IF(AND($C14<>"",$K14<>""),(VLOOKUP($C14,'V-LOOKUP'!$C$4:$M$59,8,FALSE)),"0") -> 0 | CP14: =IF(AND($C14<>"",$K14<>""),(VLOOKUP($C14,'V-LOOKUP'!$C$4:$M$59,9,FALSE)),"0") -> 0 | CQ14: =IF(AND($C14<>"",$K14<>""),(VLOOKUP($C14,'V-LOOKUP'!$C$4:$M$59,10,FALSE)),"0") -> 0 | CR14: =IF(AND($C14<>"",$K14<>""),(VLOOKUP($C14,'V-LOOKUP'!$C$4:$M$59,11,FALSE)),"0") -> 0 | CS14: =IF(AND($C14<>"",$K14<>""),(VLOOKUP($C14,'V-LOOKUP'!$C$4:$N$59,12,FALSE)),"0") -> 0 | CT14: =IF(AND($C14<>"",L14<>""),(VLOOKUP($C14,'V-LOOKUP'!$C$4:$M$59,4,FALSE)),"0") -> 0 | CU14: =IF(AND($C14<>"",$L14<>""),(VLOOKUP($C14,'V-LOOKUP'!$C$4:$M$59,5,FALSE)),"0") -> 0 | CV14: =IF(AND($C14<>"",$L14<>""),(VLOOKUP($C14,'V-LOOKUP'!$C$4:$M$59,6,FALSE)),"0") -> 0 | CW14: =IF(AND($C14<>"",$L14<>""),(VLOOKUP($C14,'V-LOOKUP'!$C$4:$M$59,7,FALSE)),"0") -> 0 | CX14: =IF(AND($C14<>"",$L14<>""),(VLOOKUP($C14,'V-LOOKUP'!$C$4:$M$59,8,FALSE)),"0") -> 0 | CY14: =IF(AND($C14<>"",$L14<>""),(VLOOKUP($C14,'V-LOOKUP'!$C$4:$M$59,9,FALSE)),"0") -> 0 | CZ14: =IF(AND($C14<>"",$L14<>""),(VLOOKUP($C14,'V-LOOKUP'!$C$4:$M$59,10,FALSE)),"0") -> 0 | DA14: =IF(AND($C14<>"",$L14<>""),(VLOOKUP($C14,'V-LOOKUP'!$C$4:$M$59,11,FALSE)),"0") -> 0 | DB14: =IF(AND($C14<>"",$L14<>""),(VLOOKUP($C14,'V-LOOKUP'!$C$4:$N$59,12,FALSE)),"0") -> 0 | DC14: =IF(AND($C14<>"",M14<>""),(VLOOKUP($C14,'V-LOOKUP'!$C$4:$M$59,4,FALSE)),"0") -> 0 | DD14: =IF(AND($C14<>"",$M14<>""),(VLOOKUP($C14,'V-LOOKUP'!$C$4:$M$59,5,FALSE)),"0") -> 0 | DE14: =IF(AND($C14<>"",$M14<>""),(VLOOKUP($C14,'V-LOOKUP'!$C$4:$M$59,6,FALSE)),"0") -> 0 | DF14: =IF(AND($C14<>"",$M14<>""),(VLOOKUP($C14,'V-LOOKUP'!$C$4:$M$59,7,FALSE)),"0") -> 0 | DG14: =IF(AND($C14<>"",$M14<>""),(VLOOKUP($C14,'V-LOOKUP'!$C$4:$M$59,8,FALSE)),"0") -> 0 | DH14: =IF(AND($C14<>"",$M14<>""),(VLOOKUP($C14,'V-LOOKUP'!$C$4:$M$59,9,FALSE)),"0") -> 0 | DI14: =IF(AND($C14<>"",$M14<>""),(VLOOKUP($C14,'V-LOOKUP'!$C$4:$M$59,10,FALSE)),"0") -> 0 | DJ14: =IF(AND($C14<>"",$M14<>""),(VLOOKUP($C14,'V-LOOKUP'!$C$4:$M$59,11,FALSE)),"0") -> 0 | DK14: =IF(AND($C14<>"",$M14<>""),(VLOOKUP($C14,'V-LOOKUP'!$C$4:$N$59,12,FALSE)),"0") -> 0 | DL14: =IF(AND($C14<>"",$N14<>""),(VLOOKUP($C14,'V-LOOKUP'!$C$4:$M$59,4,FALSE)),"0") -> 0 | DM14: =IF(AND($C14<>"",$N14<>""),(VLOOKUP($C14,'V-LOOKUP'!$C$4:$M$59,5,FALSE)),"0") -> 0 | DN14: =IF(AND($C14<>"",$N14<>""),(VLOOKUP($C14,'V-LOOKUP'!$C$4:$M$59,6,FALSE)),"0") -> 0 | DO14: =IF(AND($C14<>"",$N14<>""),(VLOOKUP($C14,'V-LOOKUP'!$C$4:$M$59,7,FALSE)),"0") -> 0 | DP14: =IF(AND($C14<>"",$N14<>""),(VLOOKUP($C14,'V-LOOKUP'!$C$4:$M$59,8,FALSE)),"0") -> 0 | DQ14: =IF(AND($C14<>"",$N14<>""),(VLOOKUP($C14,'V-LOOKUP'!$C$4:$M$59,9,FALSE)),"0") -> 0 | DR14: =IF(AND($C14<>"",$N14<>""),(VLOOKUP($C14,'V-LOOKUP'!$C$4:$M$59,10,FALSE)),"0") -> 0 | DS14: =IF(AND($C14<>"",$N14<>""),(VLOOKUP($C14,'V-LOOKUP'!$C$4:$M$59,11,FALSE)),"0") -> 0 | DT14: =IF(AND($C14<>"",$N14<>""),(VLOOKUP($C14,'V-LOOKUP'!$C$4:$N$59,12,FALSE)),"0") -> 0 | DU14: =IF(AND($C14<>"",O14<>""),(VLOOKUP($C14,'V-LOOKUP'!$C$4:$M$59,4,FALSE)),"0") -> 0 | DV14: =IF(AND($C14<>"",$O14<>""),(VLOOKUP($C14,'V-LOOKUP'!$C$4:$M$59,5,FALSE)),"0") -> 0 | DW14: =IF(AND($C14<>"",$O14<>""),(VLOOKUP($C14,'V-LOOKUP'!$C$4:$M$59,6,FALSE)),"0") -> 0 | DX14: =IF(AND($C14<>"",$O14<>""),(VLOOKUP($C14,'V-LOOKUP'!$C$4:$M$59,7,FALSE)),"0") -> 0 | DY14: =IF(AND($C14<>"",$O14<>""),(VLOOKUP($C14,'V-LOOKUP'!$C$4:$M$59,8,FALSE)),"0") -> 0 | DZ14: =IF(AND($C14<>"",$O14<>""),(VLOOKUP($C14,'V-LOOKUP'!$C$4:$M$59,9,FALSE)),"0") -> 0 | EA14: =IF(AND($C14<>"",$O14<>""),(VLOOKUP($C14,'V-LOOKUP'!$C$4:$M$59,10,FALSE)),"0") -> 0 | EB14: =IF(AND($C14<>"",$O14<>""),(VLOOKUP($C14,'V-LOOKUP'!$C$4:$M$59,11,FALSE)),"0") -> 0 | EC14: =IF(AND($C14<>"",$O14<>""),(VLOOKUP($C14,'V-LOOKUP'!$C$4:$N$59,12,FALSE)),"0") -> 0 | ED14: =IF(AND($C14<>"",P14<>""),(VLOOKUP($C14,'V-LOOKUP'!$C$4:$M$59,4,FALSE)),"0") -> 0 | EE14: =IF(AND($C14<>"",$P14<>""),(VLOOKUP($C14,'V-LOOKUP'!$C$4:$M$59,5,FALSE)),"0") -> 0 | EF14: =IF(AND($C14<>"",$P14<>""),(VLOOKUP($C14,'V-LOOKUP'!$C$4:$M$59,6,FALSE)),"0") -> 0 | EG14: =IF(AND($C14<>"",$P14<>""),(VLOOKUP($C14,'V-LOOKUP'!$C$4:$M$59,7,FALSE)),"0") -> 0 | EH14: =IF(AND($C14<>"",$P14<>""),(VLOOKUP($C14,'V-LOOKUP'!$C$4:$M$59,8,FALSE)),"0") -> 0 | EI14: =IF(AND($C14<>"",$P14<>""),(VLOOKUP($C14,'V-LOOKUP'!$C$4:$M$59,9,FALSE)),"0") -> 0 | EJ14: =IF(AND($C14<>"",$P14<>""),(VLOOKUP($C14,'V-LOOKUP'!$C$4:$M$59,10,FALSE)),"0") -> 0 | EK14: =IF(AND($C14<>"",$P14<>""),(VLOOKUP($C14,'V-LOOKUP'!$C$4:$M$59,11,FALSE)),"0") -> 0 | EL14: =IF(AND($C14<>"",$P14<>""),(VLOOKUP($C14,'V-LOOKUP'!$C$4:$N$59,12,FALSE)),"0") -> 0 | EM14: =IF(AND($C14<>"",Q14<>""),(VLOOKUP($C14,'V-LOOKUP'!$C$4:$M$59,4,FALSE)),"0") -> 0 | EN14: =IF(AND($C14<>"",$Q14<>""),(VLOOKUP($C14,'V-LOOKUP'!$C$4:$M$59,5,FALSE)),"0") -> 0 | EO14: =IF(AND($C14<>"",$Q14<>""),(VLOOKUP($C14,'V-LOOKUP'!$C$4:$M$59,6,FALSE)),"0") -> 0 | EP14: =IF(AND($C14<>"",$Q14<>""),(VLOOKUP($C14,'V-LOOKUP'!$C$4:$M$59,7,FALSE)),"0") -> 0 | EQ14: =IF(AND($C14<>"",$Q14<>""),(VLOOKUP($C14,'V-LOOKUP'!$C$4:$M$59,8,FALSE)),"0") -> 0 | ER14: =IF(AND($C14<>"",$Q14<>""),(VLOOKUP($C14,'V-LOOKUP'!$C$4:$M$59,9,FALSE)),"0") -> 0 | ES14: =IF(AND($C14<>"",$Q14<>""),(VLOOKUP($C14,'V-LOOKUP'!$C$4:$M$59,10,FALSE)),"0") -> 0 | ET14: =IF(AND($C14<>"",$Q14<>""),(VLOOKUP($C14,'V-LOOKUP'!$C$4:$M$59,11,FALSE)),"0") -> 0 | EU14: =IF(AND($C14<>"",$Q14<>""),(VLOOKUP($C14,'V-LOOKUP'!$C$4:$N$59,12,FALSE)),"0") -> 0 | EV14: =IF(AND($C14<>"",R14<>""),(VLOOKUP($C14,'V-LOOKUP'!$C$4:$M$59,4,FALSE)),"0") -> 0 | EW14: =IF(AND($C14<>"",$R14<>""),(VLOOKUP($C14,'V-LOOKUP'!$C$4:$M$59,5,FALSE)),"0") -> 0 | EX14: =IF(AND($C14<>"",$R14<>""),(VLOOKUP($C14,'V-LOOKUP'!$C$4:$M$59,6,FALSE)),"0") -> 0 | EY14: =IF(AND($C14<>"",$R14<>""),(VLOOKUP($C14,'V-LOOKUP'!$C$4:$M$59,7,FALSE)),"0") -> 0 | EZ14: =IF(AND($C14<>"",$R14<>""),(VLOOKUP($C14,'V-LOOKUP'!$C$4:$M$59,8,FALSE)),"0") -> 0 | FA14: =IF(AND($C14<>"",$R14<>""),(VLOOKUP($C14,'V-LOOKUP'!$C$4:$M$59,9,FALSE)),"0") -> 0 | FB14: =IF(AND($C14<>"",$R14<>""),(VLOOKUP($C14,'V-LOOKUP'!$C$4:$M$59,10,FALSE)),"0") -> 0 | FC14: =IF(AND($C14<>"",$R14<>""),(VLOOKUP($C14,'V-LOOKUP'!$C$4:$M$59,11,FALSE)),"0") -> 0 | FD14: =IF(AND($C14<>"",$R14<>""),(VLOOKUP($C14,'V-LOOKUP'!$C$4:$N$59,12,FALSE)),"0") -> 0 | FE14: =IF(AND($C14<>"",S14<>""),(VLOOKUP($C14,'V-LOOKUP'!$C$4:$M$59,4,FALSE)),"0") -> 0 | FF14: =IF(AND($C14<>"",$S14<>""),(VLOOKUP($C14,'V-LOOKUP'!$C$4:$M$59,5,FALSE)),"0") -> 0 | FG14: =IF(AND($C14<>"",$S14<>""),(VLOOKUP($C14,'V-LOOKUP'!$C$4:$M$59,6,FALSE)),"0") -> 0 | FH14: =IF(AND($C14<>"",$S14<>""),(VLOOKUP($C14,'V-LOOKUP'!$C$4:$M$59,7,FALSE)),"0") -> 0 | FI14: =IF(AND($C14<>"",$S14<>""),(VLOOKUP($C14,'V-LOOKUP'!$C$4:$M$59,8,FALSE)),"0") -> 0 | FJ14: =IF(AND($C14<>"",$S14<>""),(VLOOKUP($C14,'V-LOOKUP'!$C$4:$M$59,9,FALSE)),"0") -> 0 | FK14: =IF(AND($C14<>"",$S14<>""),(VLOOKUP($C14,'V-LOOKUP'!$C$4:$M$59,10,FALSE)),"0") -> 0 | FL14: =IF(AND($C14<>"",$S14<>""),(VLOOKUP($C14,'V-LOOKUP'!$C$4:$M$59,11,FALSE)),"0") -> 0 | FM14: =IF(AND($C14<>"",$S14<>""),(VLOOKUP($C14,'V-LOOKUP'!$C$4:$N$59,12,FALSE)),"0") -> 0 | FN14: =IF(AND($C14<>"",T14<>""),(VLOOKUP($C14,'V-LOOKUP'!$C$4:$M$59,4,FALSE)),"0") -> 0 | FO14: =IF(AND($C14<>"",$T14<>""),(VLOOKUP($C14,'V-LOOKUP'!$C$4:$M$59,5,FALSE)),"0") -> 0 | FP14: =IF(AND($C14<>"",$T14<>""),(VLOOKUP($C14,'V-LOOKUP'!$C$4:$M$59,6,FALSE)),"0") -> 0 | FQ14: =IF(AND($C14<>"",$T14<>""),(VLOOKUP($C14,'V-LOOKUP'!$C$4:$M$59,7,FALSE)),"0") -> 0 | FR14: =IF(AND($C14<>"",$T14<>""),(VLOOKUP($C14,'V-LOOKUP'!$C$4:$M$59,8,FALSE)),"0") -> 0 | FS14: =IF(AND($C14<>"",$T14<>""),(VLOOKUP($C14,'V-LOOKUP'!$C$4:$M$59,9,FALSE)),"0") -> 0 | FT14: =IF(AND($C14<>"",$T14<>""),(VLOOKUP($C14,'V-LOOKUP'!$C$4:$M$59,10,FALSE)),"0") -> 0 | FU14: =IF(AND($C14<>"",$T14<>""),(VLOOKUP($C14,'V-LOOKUP'!$C$4:$M$59,11,FALSE)),"0") -> 0 | FV14: =IF(AND($C14<>"",$T14<>""),(VLOOKUP($C14,'V-LOOKUP'!$C$4:$N$59,12,FALSE)),"0") -> 0 | FW14: =IF(AND($C14<>"",U14<>""),(VLOOKUP($C14,'V-LOOKUP'!$C$4:$M$59,4,FALSE)),"0") -> 0 | FX14: =IF(AND($C14<>"",$U14<>""),(VLOOKUP($C14,'V-LOOKUP'!$C$4:$M$59,5,FALSE)),"0") -> 0 | FY14: =IF(AND($C14<>"",$U14<>""),(VLOOKUP($C14,'V-LOOKUP'!$C$4:$M$59,6,FALSE)),"0") -> 0 | FZ14: =IF(AND($C14<>"",$U14<>""),(VLOOKUP($C14,'V-LOOKUP'!$C$4:$M$59,7,FALSE)),"0") -> 0 | GA14: =IF(AND($C14<>"",$U14<>""),(VLOOKUP($C14,'V-LOOKUP'!$C$4:$M$59,8,FALSE)),"0") -> 0 | GB14: =IF(AND($C14<>"",$U14<>""),(VLOOKUP($C14,'V-LOOKUP'!$C$4:$M$59,9,FALSE)),"0") -> 0 | GC14: =IF(AND($C14<>"",$U14<>""),(VLOOKUP($C14,'V-LOOKUP'!$C$4:$M$59,10,FALSE)),"0") -> 0 | GD14: =IF(AND($C14<>"",$U14<>""),(VLOOKUP($C14,'V-LOOKUP'!$C$4:$M$59,11,FALSE)),"0") -> 0 | GE14: =IF(AND($C14<>"",$U14<>""),(VLOOKUP($C14,'V-LOOKUP'!$C$4:$N$59,12,FALSE)),"0") -> 0 | GF14: =IF(AND($C14<>"",V14<>""),(VLOOKUP($C14,'V-LOOKUP'!$C$4:$M$59,4,FALSE)),"0") -> 0 | GG14: =IF(AND($C14<>"",$V14<>""),(VLOOKUP($C14,'V-LOOKUP'!$C$4:$M$59,5,FALSE)),"0") -> 0 | GH14: =IF(AND($C14<>"",$V14<>""),(VLOOKUP($C14,'V-LOOKUP'!$C$4:$M$59,6,FALSE)),"0") -> 0 | GI14: =IF(AND($C14<>"",$V14<>""),(VLOOKUP($C14,'V-LOOKUP'!$C$4:$M$59,7,FALSE)),"0") -> 0 | GJ14: =IF(AND($C14<>"",$V14<>""),(VLOOKUP($C14,'V-LOOKUP'!$C$4:$M$59,8,FALSE)),"0") -> 0 | GK14: =IF(AND($C14<>"",$V14<>""),(VLOOKUP($C14,'V-LOOKUP'!$C$4:$M$59,9,FALSE)),"0") -> 0 | GL14: =IF(AND($C14<>"",$V14<>""),(VLOOKUP($C14,'V-LOOKUP'!$C$4:$M$59,10,FALSE)),"0") -> 0 | GM14: =IF(AND($C14<>"",$V14<>""),(VLOOKUP($C14,'V-LOOKUP'!$C$4:$M$59,11,FALSE)),"0") -> 0 | GN14: =IF(AND($C14<>"",$V14<>""),(VLOOKUP($C14,'V-LOOKUP'!$C$4:$N$59,12,FALSE)),"0") -> 0 | GO14: =IF(AND($C14<>"",W14<>""),(VLOOKUP($C14,'V-LOOKUP'!$C$4:$M$59,4,FALSE)),"0") -> 0 | GP14: =IF(AND($C14<>"",$W14<>""),(VLOOKUP($C14,'V-LOOKUP'!$C$4:$M$59,5,FALSE)),"0") -> 0 | GQ14: =IF(AND($C14<>"",$W14<>""),(VLOOKUP($C14,'V-LOOKUP'!$C$4:$M$59,6,FALSE)),"0") -> 0 | GR14: =IF(AND($C14<>"",$W14<>""),(VLOOKUP($C14,'V-LOOKUP'!$C$4:$M$59,7,FALSE)),"0") -> 0 | GS14: =IF(AND($C14<>"",$W14<>""),(VLOOKUP($C14,'V-LOOKUP'!$C$4:$M$59,8,FALSE)),"0") -> 0 | GT14: =IF(AND($C14<>"",$W14<>""),(VLOOKUP($C14,'V-LOOKUP'!$C$4:$M$59,9,FALSE)),"0") -> 0 | GU14: =IF(AND($C14<>"",$W14<>""),(VLOOKUP($C14,'V-LOOKUP'!$C$4:$M$59,10,FALSE)),"0") -> 0 | GV14: =IF(AND($C14<>"",$W14<>""),(VLOOKUP($C14,'V-LOOKUP'!$C$4:$M$59,11,FALSE)),"0") -> 0 | GW14: =IF(AND($C14<>"",$W14<>""),(VLOOKUP($C14,'V-LOOKUP'!$C$4:$N$59,12,FALSE)),"0") -> 0
Z15: =IF(AND($C15<>"",$D15<>""),(VLOOKUP($C15,'V-LOOKUP'!$C$4:$M$59,4,FALSE)),"0") -> 0 | AA15: =IF(AND($C15<>"",$D15<>""),(VLOOKUP($C15,'V-LOOKUP'!$C$4:$M$59,5,FALSE)),"0") -> 0 | AB15: =IF(AND($C15<>"",$D15<>""),(VLOOKUP($C15,'V-LOOKUP'!$C$4:$M$59,6,FALSE)),"0") -> 0 | AC15: =IF(AND($C15<>"",$D15<>""),(VLOOKUP($C15,'V-LOOKUP'!$C$4:$M$59,7,FALSE)),"0") -> 0 | AD15: =IF(AND($C15<>"",$D15<>""),(VLOOKUP($C15,'V-LOOKUP'!$C$4:$M$59,8,FALSE)),"0") -> 0 | AE15: =IF(AND($C15<>"",$D15<>""),(VLOOKUP($C15,'V-LOOKUP'!$C$4:$M$59,9,FALSE)),"0") -> 0 | AF15: =IF(AND($C15<>"",$D15<>""),(VLOOKUP($C15,'V-LOOKUP'!$C$4:$M$59,10,FALSE)),"0") -> 0 | AG15: =IF(AND($C15<>"",$D15<>""),(VLOOKUP($C15,'V-LOOKUP'!$C$4:$M$59,11,FALSE)),"0") -> 0 | AH15: =IF(AND($C15<>"",$D15<>""),(VLOOKUP($C15,'V-LOOKUP'!$C$4:$N$59,12,FALSE)),"0") -> 0 | AI15: =IF(AND($C15<>"",E15<>""),(VLOOKUP($C15,'V-LOOKUP'!$C$4:$M$59,4,FALSE)),"0") -> 0 | AJ15: =IF(AND($C15<>"",$E15<>""),(VLOOKUP($C15,'V-LOOKUP'!$C$4:$M$59,5,FALSE)),"0") -> 0 | AK15: =IF(AND($C15<>"",$E15<>""),(VLOOKUP($C15,'V-LOOKUP'!$C$4:$M$59,6,FALSE)),"0") -> 0 | AL15: =IF(AND($C15<>"",$E15<>""),(VLOOKUP($C15,'V-LOOKUP'!$C$4:$M$59,7,FALSE)),"0") -> 0 | AM15: =IF(AND($C15<>"",$E15<>""),(VLOOKUP($C15,'V-LOOKUP'!$C$4:$M$59,8,FALSE)),"0") -> 0 | AN15: =IF(AND($C15<>"",$E15<>""),(VLOOKUP($C15,'V-LOOKUP'!$C$4:$M$59,9,FALSE)),"0") -> 0 | AO15: =IF(AND($C15<>"",$E15<>""),(VLOOKUP($C15,'V-LOOKUP'!$C$4:$M$59,10,FALSE)),"0") -> 0 | AP15: =IF(AND($C15<>"",$E15<>""),(VLOOKUP($C15,'V-LOOKUP'!$C$4:$M$59,11,FALSE)),"0") -> 0 | AQ15: =IF(AND($C15<>"",$E15<>""),(VLOOKUP($C15,'V-LOOKUP'!$C$4:$N$59,12,FALSE)),"0") -> 0 | AR15: =IF(AND($C15<>"",$F15<>""),(VLOOKUP($C15,'V-LOOKUP'!$C$4:$M$59,4,FALSE)),"0") -> 0 | AS15: =IF(AND($C15<>"",$F15<>""),(VLOOKUP($C15,'V-LOOKUP'!$C$4:$M$59,5,FALSE)),"0") -> 0 | AT15: =IF(AND($C15<>"",$F15<>""),(VLOOKUP($C15,'V-LOOKUP'!$C$4:$M$59,6,FALSE)),"0") -> 0 | AU15: =IF(AND($C15<>"",$F15<>""),(VLOOKUP($C15,'V-LOOKUP'!$C$4:$M$59,7,FALSE)),"0") -> 0 | AV15: =IF(AND($C15<>"",$F15<>""),(VLOOKUP($C15,'V-LOOKUP'!$C$4:$M$59,8,FALSE)),"0") -> 0 | AW15: =IF(AND($C15<>"",$F15<>""),(VLOOKUP($C15,'V-LOOKUP'!$C$4:$M$59,9,FALSE)),"0") -> 0 | AX15: =IF(AND($C15<>"",$F15<>""),(VLOOKUP($C15,'V-LOOKUP'!$C$4:$M$59,10,FALSE)),"0") -> 0 | AY15: =IF(AND($C15<>"",$F15<>""),(VLOOKUP($C15,'V-LOOKUP'!$C$4:$M$59,11,FALSE)),"0") -> 0 | AZ15: =IF(AND($C15<>"",$F15<>""),(VLOOKUP($C15,'V-LOOKUP'!$C$4:$N$59,12,FALSE)),"0") -> 0 | BA15: =IF(AND($C15<>"",G15<>""),(VLOOKUP($C15,'V-LOOKUP'!$C$4:$M$59,4,FALSE)),"0") -> 0 | BB15: =IF(AND($C15<>"",$G15<>""),(VLOOKUP($C15,'V-LOOKUP'!$C$4:$M$59,5,FALSE)),"0") -> 0 | BC15: =IF(AND($C15<>"",$G15<>""),(VLOOKUP($C15,'V-LOOKUP'!$C$4:$M$59,6,FALSE)),"0") -> 0 | BD15: =IF(AND($C15<>"",$G15<>""),(VLOOKUP($C15,'V-LOOKUP'!$C$4:$M$59,7,FALSE)),"0") -> 0 | BE15: =IF(AND($C15<>"",$G15<>""),(VLOOKUP($C15,'V-LOOKUP'!$C$4:$M$59,8,FALSE)),"0") -> 0 | BF15: =IF(AND($C15<>"",$G15<>""),(VLOOKUP($C15,'V-LOOKUP'!$C$4:$M$59,9,FALSE)),"0") -> 0 | BG15: =IF(AND($C15<>"",$G15<>""),(VLOOKUP($C15,'V-LOOKUP'!$C$4:$M$59,10,FALSE)),"0") -> 0 | BH15: =IF(AND($C15<>"",$G15<>""),(VLOOKUP($C15,'V-LOOKUP'!$C$4:$M$59,11,FALSE)),"0") -> 0 | BI15: =IF(AND($C15<>"",$G15<>""),(VLOOKUP($C15,'V-LOOKUP'!$C$4:$N$59,12,FALSE)),"0") -> 0 | BJ15: =IF(AND($C15<>"",H15<>""),(VLOOKUP($C15,'V-LOOKUP'!$C$4:$M$59,4,FALSE)),"0") -> 0 | BK15: =IF(AND($C15<>"",$G15<>""),(VLOOKUP($C15,'V-LOOKUP'!$C$4:$M$59,5,FALSE)),"0") -> 0 | BL15: =IF(AND($C15<>"",$H15<>""),(VLOOKUP($C15,'V-LOOKUP'!$C$4:$M$59,6,FALSE)),"0") -> 0 | BM15: =IF(AND($C15<>"",$H15<>""),(VLOOKUP($C15,'V-LOOKUP'!$C$4:$M$59,7,FALSE)),"0") -> 0 | BN15: =IF(AND($C15<>"",$H15<>""),(VLOOKUP($C15,'V-LOOKUP'!$C$4:$M$59,8,FALSE)),"0") -> 0 | BO15: =IF(AND($C15<>"",$H15<>""),(VLOOKUP($C15,'V-LOOKUP'!$C$4:$M$59,9,FALSE)),"0") -> 0 | BP15: =IF(AND($C15<>"",$H15<>""),(VLOOKUP($C15,'V-LOOKUP'!$C$4:$M$59,10,FALSE)),"0") -> 0 | BQ15: =IF(AND($C15<>"",$H15<>""),(VLOOKUP($C15,'V-LOOKUP'!$C$4:$M$59,11,FALSE)),"0") -> 0 | BR15: =IF(AND($C15<>"",$H15<>""),(VLOOKUP($C15,'V-LOOKUP'!$C$4:$N$59,12,FALSE)),"0") -> 0 | BS15: =IF(AND($C15<>"",I15<>""),(VLOOKUP($C15,'V-LOOKUP'!$C$4:$M$59,4,FALSE)),"0") -> 0 | BT15: =IF(AND($C15<>"",$I15<>""),(VLOOKUP($C15,'V-LOOKUP'!$C$4:$M$59,5,FALSE)),"0") -> 0 | BU15: =IF(AND($C15<>"",$I15<>""),(VLOOKUP($C15,'V-LOOKUP'!$C$4:$M$59,6,FALSE)),"0") -> 0 | BV15: =IF(AND($C15<>"",$I15<>""),(VLOOKUP($C15,'V-LOOKUP'!$C$4:$M$59,7,FALSE)),"0") -> 0 | BW15: =IF(AND($C15<>"",$I15<>""),(VLOOKUP($C15,'V-LOOKUP'!$C$4:$M$59,8,FALSE)),"0") -> 0 | BX15: =IF(AND($C15<>"",$I15<>""),(VLOOKUP($C15,'V-LOOKUP'!$C$4:$M$59,9,FALSE)),"0") -> 0 | BY15: =IF(AND($C15<>"",$I15<>""),(VLOOKUP($C15,'V-LOOKUP'!$C$4:$M$59,10,FALSE)),"0") -> 0 | BZ15: =IF(AND($C15<>"",$I15<>""),(VLOOKUP($C15,'V-LOOKUP'!$C$4:$M$59,11,FALSE)),"0") -> 0 | CA15: =IF(AND($C15<>"",$I15<>""),(VLOOKUP($C15,'V-LOOKUP'!$C$4:$N$59,12,FALSE)),"0") -> 0 | CB15: =IF(AND($C15<>"",J15<>""),(VLOOKUP($C15,'V-LOOKUP'!$C$4:$M$59,4,FALSE)),"0") -> 0 | CC15: =IF(AND($C15<>"",$J15<>""),(VLOOKUP($C15,'V-LOOKUP'!$C$4:$M$59,5,FALSE)),"0") -> 0 | CD15: =IF(AND($C15<>"",$J15<>""),(VLOOKUP($C15,'V-LOOKUP'!$C$4:$M$59,6,FALSE)),"0") -> 0 | CE15: =IF(AND($C15<>"",$J15<>""),(VLOOKUP($C15,'V-LOOKUP'!$C$4:$M$59,7,FALSE)),"0") -> 0 | CF15: =IF(AND($C15<>"",$J15<>""),(VLOOKUP($C15,'V-LOOKUP'!$C$4:$M$59,8,FALSE)),"0") -> 0 | CG15: =IF(AND($C15<>"",$J15<>""),(VLOOKUP($C15,'V-LOOKUP'!$C$4:$M$59,9,FALSE)),"0") -> 0 | CH15: =IF(AND($C15<>"",$J15<>""),(VLOOKUP($C15,'V-LOOKUP'!$C$4:$M$59,10,FALSE)),"0") -> 0 | CI15: =IF(AND($C15<>"",$J15<>""),(VLOOKUP($C15,'V-LOOKUP'!$C$4:$M$59,11,FALSE)),"0") -> 0 | CJ15: =IF(AND($C15<>"",$J15<>""),(VLOOKUP($C15,'V-LOOKUP'!$C$4:$N$59,12,FALSE)),"0") -> 0 | CK15: =IF(AND($C15<>"",K15<>""),(VLOOKUP($C15,'V-LOOKUP'!$C$4:$M$59,4,FALSE)),"0") -> 0 | CL15: =IF(AND($C15<>"",$K15<>""),(VLOOKUP($C15,'V-LOOKUP'!$C$4:$M$59,5,FALSE)),"0") -> 0 | CM15: =IF(AND($C15<>"",$K15<>""),(VLOOKUP($C15,'V-LOOKUP'!$C$4:$M$59,6,FALSE)),"0") -> 0 | CN15: =IF(AND($C15<>"",$K15<>""),(VLOOKUP($C15,'V-LOOKUP'!$C$4:$M$59,7,FALSE)),"0") -> 0 | CO15: =IF(AND($C15<>"",$K15<>""),(VLOOKUP($C15,'V-LOOKUP'!$C$4:$M$59,8,FALSE)),"0") -> 0 | CP15: =IF(AND($C15<>"",$K15<>""),(VLOOKUP($C15,'V-LOOKUP'!$C$4:$M$59,9,FALSE)),"0") -> 0 | CQ15: =IF(AND($C15<>"",$K15<>""),(VLOOKUP($C15,'V-LOOKUP'!$C$4:$M$59,10,FALSE)),"0") -> 0 | CR15: =IF(AND($C15<>"",$K15<>""),(VLOOKUP($C15,'V-LOOKUP'!$C$4:$M$59,11,FALSE)),"0") -> 0 | CS15: =IF(AND($C15<>"",$K15<>""),(VLOOKUP($C15,'V-LOOKUP'!$C$4:$N$59,12,FALSE)),"0") -> 0 | CT15: =IF(AND($C15<>"",L15<>""),(VLOOKUP($C15,'V-LOOKUP'!$C$4:$M$59,4,FALSE)),"0") -> 0 | CU15: =IF(AND($C15<>"",$L15<>""),(VLOOKUP($C15,'V-LOOKUP'!$C$4:$M$59,5,FALSE)),"0") -> 0 | CV15: =IF(AND($C15<>"",$L15<>""),(VLOOKUP($C15,'V-LOOKUP'!$C$4:$M$59,6,FALSE)),"0") -> 0 | CW15: =IF(AND($C15<>"",$L15<>""),(VLOOKUP($C15,'V-LOOKUP'!$C$4:$M$59,7,FALSE)),"0") -> 0 | CX15: =IF(AND($C15<>"",$L15<>""),(VLOOKUP($C15,'V-LOOKUP'!$C$4:$M$59,8,FALSE)),"0") -> 0 | CY15: =IF(AND($C15<>"",$L15<>""),(VLOOKUP($C15,'V-LOOKUP'!$C$4:$M$59,9,FALSE)),"0") -> 0 | CZ15: =IF(AND($C15<>"",$L15<>""),(VLOOKUP($C15,'V-LOOKUP'!$C$4:$M$59,10,FALSE)),"0") -> 0 | DA15: =IF(AND($C15<>"",$L15<>""),(VLOOKUP($C15,'V-LOOKUP'!$C$4:$M$59,11,FALSE)),"0") -> 0 | DB15: =IF(AND($C15<>"",$L15<>""),(VLOOKUP($C15,'V-LOOKUP'!$C$4:$N$59,12,FALSE)),"0") -> 0 | DC15: =IF(AND($C15<>"",M15<>""),(VLOOKUP($C15,'V-LOOKUP'!$C$4:$M$59,4,FALSE)),"0") -> 0 | DD15: =IF(AND($C15<>"",$M15<>""),(VLOOKUP($C15,'V-LOOKUP'!$C$4:$M$59,5,FALSE)),"0") -> 0 | DE15: =IF(AND($C15<>"",$M15<>""),(VLOOKUP($C15,'V-LOOKUP'!$C$4:$M$59,6,FALSE)),"0") -> 0 | DF15: =IF(AND($C15<>"",$M15<>""),(VLOOKUP($C15,'V-LOOKUP'!$C$4:$M$59,7,FALSE)),"0") -> 0 | DG15: =IF(AND($C15<>"",$M15<>""),(VLOOKUP($C15,'V-LOOKUP'!$C$4:$M$59,8,FALSE)),"0") -> 0 | DH15: =IF(AND($C15<>"",$M15<>""),(VLOOKUP($C15,'V-LOOKUP'!$C$4:$M$59,9,FALSE)),"0") -> 0 | DI15: =IF(AND($C15<>"",$M15<>""),(VLOOKUP($C15,'V-LOOKUP'!$C$4:$M$59,10,FALSE)),"0") -> 0 | DJ15: =IF(AND($C15<>"",$M15<>""),(VLOOKUP($C15,'V-LOOKUP'!$C$4:$M$59,11,FALSE)),"0") -> 0 | DK15: =IF(AND($C15<>"",$M15<>""),(VLOOKUP($C15,'V-LOOKUP'!$C$4:$N$59,12,FALSE)),"0") -> 0 | DL15: =IF(AND($C15<>"",$N15<>""),(VLOOKUP($C15,'V-LOOKUP'!$C$4:$M$59,4,FALSE)),"0") -> 0 | DM15: =IF(AND($C15<>"",$N15<>""),(VLOOKUP($C15,'V-LOOKUP'!$C$4:$M$59,5,FALSE)),"0") -> 0 | DN15: =IF(AND($C15<>"",$N15<>""),(VLOOKUP($C15,'V-LOOKUP'!$C$4:$M$59,6,FALSE)),"0") -> 0 | DO15: =IF(AND($C15<>"",$N15<>""),(VLOOKUP($C15,'V-LOOKUP'!$C$4:$M$59,7,FALSE)),"0") -> 0 | DP15: =IF(AND($C15<>"",$N15<>""),(VLOOKUP($C15,'V-LOOKUP'!$C$4:$M$59,8,FALSE)),"0") -> 0 | DQ15: =IF(AND($C15<>"",$N15<>""),(VLOOKUP($C15,'V-LOOKUP'!$C$4:$M$59,9,FALSE)),"0") -> 0 | DR15: =IF(AND($C15<>"",$N15<>""),(VLOOKUP($C15,'V-LOOKUP'!$C$4:$M$59,10,FALSE)),"0") -> 0 | DS15: =IF(AND($C15<>"",$N15<>""),(VLOOKUP($C15,'V-LOOKUP'!$C$4:$M$59,11,FALSE)),"0") -> 0 | DT15: =IF(AND($C15<>"",$N15<>""),(VLOOKUP($C15,'V-LOOKUP'!$C$4:$N$59,12,FALSE)),"0") -> 0 | DU15: =IF(AND($C15<>"",O15<>""),(VLOOKUP($C15,'V-LOOKUP'!$C$4:$M$59,4,FALSE)),"0") -> 0 | DV15: =IF(AND($C15<>"",$O15<>""),(VLOOKUP($C15,'V-LOOKUP'!$C$4:$M$59,5,FALSE)),"0") -> 0 | DW15: =IF(AND($C15<>"",$O15<>""),(VLOOKUP($C15,'V-LOOKUP'!$C$4:$M$59,6,FALSE)),"0") -> 0 | DX15: =IF(AND($C15<>"",$O15<>""),(VLOOKUP($C15,'V-LOOKUP'!$C$4:$M$59,7,FALSE)),"0") -> 0 | DY15: =IF(AND($C15<>"",$O15<>""),(VLOOKUP($C15,'V-LOOKUP'!$C$4:$M$59,8,FALSE)),"0") -> 0 | DZ15: =IF(AND($C15<>"",$O15<>""),(VLOOKUP($C15,'V-LOOKUP'!$C$4:$M$59,9,FALSE)),"0") -> 0 | EA15: =IF(AND($C15<>"",$O15<>""),(VLOOKUP($C15,'V-LOOKUP'!$C$4:$M$59,10,FALSE)),"0") -> 0 | EB15: =IF(AND($C15<>"",$O15<>""),(VLOOKUP($C15,'V-LOOKUP'!$C$4:$M$59,11,FALSE)),"0") -> 0 | EC15: =IF(AND($C15<>"",$O15<>""),(VLOOKUP($C15,'V-LOOKUP'!$C$4:$N$59,12,FALSE)),"0") -> 0 | ED15: =IF(AND($C15<>"",P15<>""),(VLOOKUP($C15,'V-LOOKUP'!$C$4:$M$59,4,FALSE)),"0") -> 0 | EE15: =IF(AND($C15<>"",$P15<>""),(VLOOKUP($C15,'V-LOOKUP'!$C$4:$M$59,5,FALSE)),"0") -> 0 | EF15: =IF(AND($C15<>"",$P15<>""),(VLOOKUP($C15,'V-LOOKUP'!$C$4:$M$59,6,FALSE)),"0") -> 0 | EG15: =IF(AND($C15<>"",$P15<>""),(VLOOKUP($C15,'V-LOOKUP'!$C$4:$M$59,7,FALSE)),"0") -> 0 | EH15: =IF(AND($C15<>"",$P15<>""),(VLOOKUP($C15,'V-LOOKUP'!$C$4:$M$59,8,FALSE)),"0") -> 0 | EI15: =IF(AND($C15<>"",$P15<>""),(VLOOKUP($C15,'V-LOOKUP'!$C$4:$M$59,9,FALSE)),"0") -> 0 | EJ15: =IF(AND($C15<>"",$P15<>""),(VLOOKUP($C15,'V-LOOKUP'!$C$4:$M$59,10,FALSE)),"0") -> 0 | EK15: =IF(AND($C15<>"",$P15<>""),(VLOOKUP($C15,'V-LOOKUP'!$C$4:$M$59,11,FALSE)),"0") -> 0 | EL15: =IF(AND($C15<>"",$P15<>""),(VLOOKUP($C15,'V-LOOKUP'!$C$4:$N$59,12,FALSE)),"0") -> 0 | EM15: =IF(AND($C15<>"",Q15<>""),(VLOOKUP($C15,'V-LOOKUP'!$C$4:$M$59,4,FALSE)),"0") -> 0 | EN15: =IF(AND($C15<>"",$Q15<>""),(VLOOKUP($C15,'V-LOOKUP'!$C$4:$M$59,5,FALSE)),"0") -> 0 | EO15: =IF(AND($C15<>"",$Q15<>""),(VLOOKUP($C15,'V-LOOKUP'!$C$4:$M$59,6,FALSE)),"0") -> 0 | EP15: =IF(AND($C15<>"",$Q15<>""),(VLOOKUP($C15,'V-LOOKUP'!$C$4:$M$59,7,FALSE)),"0") -> 0 | EQ15: =IF(AND($C15<>"",$Q15<>""),(VLOOKUP($C15,'V-LOOKUP'!$C$4:$M$59,8,FALSE)),"0") -> 0 | ER15: =IF(AND($C15<>"",$Q15<>""),(VLOOKUP($C15,'V-LOOKUP'!$C$4:$M$59,9,FALSE)),"0") -> 0 | ES15: =IF(AND($C15<>"",$Q15<>""),(VLOOKUP($C15,'V-LOOKUP'!$C$4:$M$59,10,FALSE)),"0") -> 0 | ET15: =IF(AND($C15<>"",$Q15<>""),(VLOOKUP($C15,'V-LOOKUP'!$C$4:$M$59,11,FALSE)),"0") -> 0 | EU15: =IF(AND($C15<>"",$Q15<>""),(VLOOKUP($C15,'V-LOOKUP'!$C$4:$N$59,12,FALSE)),"0") -> 0 | EV15: =IF(AND($C15<>"",R15<>""),(VLOOKUP($C15,'V-LOOKUP'!$C$4:$M$59,4,FALSE)),"0") -> 0 | EW15: =IF(AND($C15<>"",$R15<>""),(VLOOKUP($C15,'V-LOOKUP'!$C$4:$M$59,5,FALSE)),"0") -> 0 | EX15: =IF(AND($C15<>"",$R15<>""),(VLOOKUP($C15,'V-LOOKUP'!$C$4:$M$59,6,FALSE)),"0") -> 0 | EY15: =IF(AND($C15<>"",$R15<>""),(VLOOKUP($C15,'V-LOOKUP'!$C$4:$M$59,7,FALSE)),"0") -> 0 | EZ15: =IF(AND($C15<>"",$R15<>""),(VLOOKUP($C15,'V-LOOKUP'!$C$4:$M$59,8,FALSE)),"0") -> 0 | FA15: =IF(AND($C15<>"",$R15<>""),(VLOOKUP($C15,'V-LOOKUP'!$C$4:$M$59,9,FALSE)),"0") -> 0 | FB15: =IF(AND($C15<>"",$R15<>""),(VLOOKUP($C15,'V-LOOKUP'!$C$4:$M$59,10,FALSE)),"0") -> 0 | FC15: =IF(AND($C15<>"",$R15<>""),(VLOOKUP($C15,'V-LOOKUP'!$C$4:$M$59,11,FALSE)),"0") -> 0 | FD15: =IF(AND($C15<>"",$R15<>""),(VLOOKUP($C15,'V-LOOKUP'!$C$4:$N$59,12,FALSE)),"0") -> 0 | FE15: =IF(AND($C15<>"",S15<>""),(VLOOKUP($C15,'V-LOOKUP'!$C$4:$M$59,4,FALSE)),"0") -> 0 | FF15: =IF(AND($C15<>"",$S15<>""),(VLOOKUP($C15,'V-LOOKUP'!$C$4:$M$59,5,FALSE)),"0") -> 0 | FG15: =IF(AND($C15<>"",$S15<>""),(VLOOKUP($C15,'V-LOOKUP'!$C$4:$M$59,6,FALSE)),"0") -> 0 | FH15: =IF(AND($C15<>"",$S15<>""),(VLOOKUP($C15,'V-LOOKUP'!$C$4:$M$59,7,FALSE)),"0") -> 0 | FI15: =IF(AND($C15<>"",$S15<>""),(VLOOKUP($C15,'V-LOOKUP'!$C$4:$M$59,8,FALSE)),"0") -> 0 | FJ15: =IF(AND($C15<>"",$S15<>""),(VLOOKUP($C15,'V-LOOKUP'!$C$4:$M$59,9,FALSE)),"0") -> 0 | FK15: =IF(AND($C15<>"",$S15<>""),(VLOOKUP($C15,'V-LOOKUP'!$C$4:$M$59,10,FALSE)),"0") -> 0 | FL15: =IF(AND($C15<>"",$S15<>""),(VLOOKUP($C15,'V-LOOKUP'!$C$4:$M$59,11,FALSE)),"0") -> 0 | FM15: =IF(AND($C15<>"",$S15<>""),(VLOOKUP($C15,'V-LOOKUP'!$C$4:$N$59,12,FALSE)),"0") -> 0 | FN15: =IF(AND($C15<>"",T15<>""),(VLOOKUP($C15,'V-LOOKUP'!$C$4:$M$59,4,FALSE)),"0") -> 0 | FO15: =IF(AND($C15<>"",$T15<>""),(VLOOKUP($C15,'V-LOOKUP'!$C$4:$M$59,5,FALSE)),"0") -> 0 | FP15: =IF(AND($C15<>"",$T15<>""),(VLOOKUP($C15,'V-LOOKUP'!$C$4:$M$59,6,FALSE)),"0") -> 0 | FQ15: =IF(AND($C15<>"",$T15<>""),(VLOOKUP($C15,'V-LOOKUP'!$C$4:$M$59,7,FALSE)),"0") -> 0 | FR15: =IF(AND($C15<>"",$T15<>""),(VLOOKUP($C15,'V-LOOKUP'!$C$4:$M$59,8,FALSE)),"0") -> 0 | FS15: =IF(AND($C15<>"",$T15<>""),(VLOOKUP($C15,'V-LOOKUP'!$C$4:$M$59,9,FALSE)),"0") -> 0 | FT15: =IF(AND($C15<>"",$T15<>""),(VLOOKUP($C15,'V-LOOKUP'!$C$4:$M$59,10,FALSE)),"0") -> 0 | FU15: =IF(AND($C15<>"",$T15<>""),(VLOOKUP($C15,'V-LOOKUP'!$C$4:$M$59,11,FALSE)),"0") -> 0 | FV15: =IF(AND($C15<>"",$T15<>""),(VLOOKUP($C15,'V-LOOKUP'!$C$4:$N$59,12,FALSE)),"0") -> 0 | FW15: =IF(AND($C15<>"",U15<>""),(VLOOKUP($C15,'V-LOOKUP'!$C$4:$M$59,4,FALSE)),"0") -> 0 | FX15: =IF(AND($C15<>"",$U15<>""),(VLOOKUP($C15,'V-LOOKUP'!$C$4:$M$59,5,FALSE)),"0") -> 0 | FY15: =IF(AND($C15<>"",$U15<>""),(VLOOKUP($C15,'V-LOOKUP'!$C$4:$M$59,6,FALSE)),"0") -> 0 | FZ15: =IF(AND($C15<>"",$U15<>""),(VLOOKUP($C15,'V-LOOKUP'!$C$4:$M$59,7,FALSE)),"0") -> 0 | GA15: =IF(AND($C15<>"",$U15<>""),(VLOOKUP($C15,'V-LOOKUP'!$C$4:$M$59,8,FALSE)),"0") -> 0 | GB15: =IF(AND($C15<>"",$U15<>""),(VLOOKUP($C15,'V-LOOKUP'!$C$4:$M$59,9,FALSE)),"0") -> 0 | GC15: =IF(AND($C15<>"",$U15<>""),(VLOOKUP($C15,'V-LOOKUP'!$C$4:$M$59,10,FALSE)),"0") -> 0 | GD15: =IF(AND($C15<>"",$U15<>""),(VLOOKUP($C15,'V-LOOKUP'!$C$4:$M$59,11,FALSE)),"0") -> 0 | GE15: =IF(AND($C15<>"",$U15<>""),(VLOOKUP($C15,'V-LOOKUP'!$C$4:$N$59,12,FALSE)),"0") -> 0 | GF15: =IF(AND($C15<>"",V15<>""),(VLOOKUP($C15,'V-LOOKUP'!$C$4:$M$59,4,FALSE)),"0") -> 0 | GG15: =IF(AND($C15<>"",$V15<>""),(VLOOKUP($C15,'V-LOOKUP'!$C$4:$M$59,5,FALSE)),"0") -> 0 | GH15: =IF(AND($C15<>"",$V15<>""),(VLOOKUP($C15,'V-LOOKUP'!$C$4:$M$59,6,FALSE)),"0") -> 0 | GI15: =IF(AND($C15<>"",$V15<>""),(VLOOKUP($C15,'V-LOOKUP'!$C$4:$M$59,7,FALSE)),"0") -> 0 | GJ15: =IF(AND($C15<>"",$V15<>""),(VLOOKUP($C15,'V-LOOKUP'!$C$4:$M$59,8,FALSE)),"0") -> 0 | GK15: =IF(AND($C15<>"",$V15<>""),(VLOOKUP($C15,'V-LOOKUP'!$C$4:$M$59,9,FALSE)),"0") -> 0 | GL15: =IF(AND($C15<>"",$V15<>""),(VLOOKUP($C15,'V-LOOKUP'!$C$4:$M$59,10,FALSE)),"0") -> 0 | GM15: =IF(AND($C15<>"",$V15<>""),(VLOOKUP($C15,'V-LOOKUP'!$C$4:$M$59,11,FALSE)),"0") -> 0 | GN15: =IF(AND($C15<>"",$V15<>""),(VLOOKUP($C15,'V-LOOKUP'!$C$4:$N$59,12,FALSE)),"0") -> 0 | GO15: =IF(AND($C15<>"",W15<>""),(VLOOKUP($C15,'V-LOOKUP'!$C$4:$M$59,4,FALSE)),"0") -> 0 | GP15: =IF(AND($C15<>"",$W15<>""),(VLOOKUP($C15,'V-LOOKUP'!$C$4:$M$59,5,FALSE)),"0") -> 0 | GQ15: =IF(AND($C15<>"",$W15<>""),(VLOOKUP($C15,'V-LOOKUP'!$C$4:$M$59,6,FALSE)),"0") -> 0 | GR15: =IF(AND($C15<>"",$W15<>""),(VLOOKUP($C15,'V-LOOKUP'!$C$4:$M$59,7,FALSE)),"0") -> 0 | GS15: =IF(AND($C15<>"",$W15<>""),(VLOOKUP($C15,'V-LOOKUP'!$C$4:$M$59,8,FALSE)),"0") -> 0 | GT15: =IF(AND($C15<>"",$W15<>""),(VLOOKUP($C15,'V-LOOKUP'!$C$4:$M$59,9,FALSE)),"0") -> 0 | GU15: =IF(AND($C15<>"",$W15<>""),(VLOOKUP($C15,'V-LOOKUP'!$C$4:$M$59,10,FALSE)),"0") -> 0 | GV15: =IF(AND($C15<>"",$W15<>""),(VLOOKUP($C15,'V-LOOKUP'!$C$4:$M$59,11,FALSE)),"0") -> 0 | GW15: =IF(AND($C15<>"",$W15<>""),(VLOOKUP($C15,'V-LOOKUP'!$C$4:$N$59,12,FALSE)),"0") -> 0
Z16: =IF(AND($C16<>"",$D16<>""),(VLOOKUP($C16,'V-LOOKUP'!$C$4:$M$59,4,FALSE)),"0") -> 0 | AA16: =IF(AND($C16<>"",$D16<>""),(VLOOKUP($C16,'V-LOOKUP'!$C$4:$M$59,5,FALSE)),"0") -> 0 | AB16: =IF(AND($C16<>"",$D16<>""),(VLOOKUP($C16,'V-LOOKUP'!$C$4:$M$59,6,FALSE)),"0") -> 0 | AC16: =IF(AND($C16<>"",$D16<>""),(VLOOKUP($C16,'V-LOOKUP'!$C$4:$M$59,7,FALSE)),"0") -> 0 | AD16: =IF(AND($C16<>"",$D16<>""),(VLOOKUP($C16,'V-LOOKUP'!$C$4:$M$59,8,FALSE)),"0") -> 0 | AE16: =IF(AND($C16<>"",$D16<>""),(VLOOKUP($C16,'V-LOOKUP'!$C$4:$M$59,9,FALSE)),"0") -> 0 | AF16: =IF(AND($C16<>"",$D16<>""),(VLOOKUP($C16,'V-LOOKUP'!$C$4:$M$59,10,FALSE)),"0") -> 0 | AG16: =IF(AND($C16<>"",$D16<>""),(VLOOKUP($C16,'V-LOOKUP'!$C$4:$M$59,11,FALSE)),"0") -> 0 | AH16: =IF(AND($C16<>"",$D16<>""),(VLOOKUP($C16,'V-LOOKUP'!$C$4:$N$59,12,FALSE)),"0") -> 0 | AI16: =IF(AND($C16<>"",E16<>""),(VLOOKUP($C16,'V-LOOKUP'!$C$4:$M$59,4,FALSE)),"0") -> 0 | AJ16: =IF(AND($C16<>"",$E16<>""),(VLOOKUP($C16,'V-LOOKUP'!$C$4:$M$59,5,FALSE)),"0") -> 0 | AK16: =IF(AND($C16<>"",$E16<>""),(VLOOKUP($C16,'V-LOOKUP'!$C$4:$M$59,6,FALSE)),"0") -> 0 | AL16: =IF(AND($C16<>"",$E16<>""),(VLOOKUP($C16,'V-LOOKUP'!$C$4:$M$59,7,FALSE)),"0") -> 0 | AM16: =IF(AND($C16<>"",$E16<>""),(VLOOKUP($C16,'V-LOOKUP'!$C$4:$M$59,8,FALSE)),"0") -> 0 | AN16: =IF(AND($C16<>"",$E16<>""),(VLOOKUP($C16,'V-LOOKUP'!$C$4:$M$59,9,FALSE)),"0") -> 0 | AO16: =IF(AND($C16<>"",$E16<>""),(VLOOKUP($C16,'V-LOOKUP'!$C$4:$M$59,10,FALSE)),"0") -> 0 | AP16: =IF(AND($C16<>"",$E16<>""),(VLOOKUP($C16,'V-LOOKUP'!$C$4:$M$59,11,FALSE)),"0") -> 0 | AQ16: =IF(AND($C16<>"",$E16<>""),(VLOOKUP($C16,'V-LOOKUP'!$C$4:$N$59,12,FALSE)),"0") -> 0 | AR16: =IF(AND($C16<>"",$F16<>""),(VLOOKUP($C16,'V-LOOKUP'!$C$4:$M$59,4,FALSE)),"0") -> 0 | AS16: =IF(AND($C16<>"",$F16<>""),(VLOOKUP($C16,'V-LOOKUP'!$C$4:$M$59,5,FALSE)),"0") -> 0 | AT16: =IF(AND($C16<>"",$F16<>""),(VLOOKUP($C16,'V-LOOKUP'!$C$4:$M$59,6,FALSE)),"0") -> 0 | AU16: =IF(AND($C16<>"",$F16<>""),(VLOOKUP($C16,'V-LOOKUP'!$C$4:$M$59,7,FALSE)),"0") -> 0 | AV16: =IF(AND($C16<>"",$F16<>""),(VLOOKUP($C16,'V-LOOKUP'!$C$4:$M$59,8,FALSE)),"0") -> 0 | AW16: =IF(AND($C16<>"",$F16<>""),(VLOOKUP($C16,'V-LOOKUP'!$C$4:$M$59,9,FALSE)),"0") -> 0 | AX16: =IF(AND($C16<>"",$F16<>""),(VLOOKUP($C16,'V-LOOKUP'!$C$4:$M$59,10,FALSE)),"0") -> 0 | AY16: =IF(AND($C16<>"",$F16<>""),(VLOOKUP($C16,'V-LOOKUP'!$C$4:$M$59,11,FALSE)),"0") -> 0 | AZ16: =IF(AND($C16<>"",$F16<>""),(VLOOKUP($C16,'V-LOOKUP'!$C$4:$N$59,12,FALSE)),"0") -> 0 | BA16: =IF(AND($C16<>"",G16<>""),(VLOOKUP($C16,'V-LOOKUP'!$C$4:$M$59,4,FALSE)),"0") -> 0 | BB16: =IF(AND($C16<>"",$G16<>""),(VLOOKUP($C16,'V-LOOKUP'!$C$4:$M$59,5,FALSE)),"0") -> 0 | BC16: =IF(AND($C16<>"",$G16<>""),(VLOOKUP($C16,'V-LOOKUP'!$C$4:$M$59,6,FALSE)),"0") -> 0 | BD16: =IF(AND($C16<>"",$G16<>""),(VLOOKUP($C16,'V-LOOKUP'!$C$4:$M$59,7,FALSE)),"0") -> 0 | BE16: =IF(AND($C16<>"",$G16<>""),(VLOOKUP($C16,'V-LOOKUP'!$C$4:$M$59,8,FALSE)),"0") -> 0 | BF16: =IF(AND($C16<>"",$G16<>""),(VLOOKUP($C16,'V-LOOKUP'!$C$4:$M$59,9,FALSE)),"0") -> 0 | BG16: =IF(AND($C16<>"",$G16<>""),(VLOOKUP($C16,'V-LOOKUP'!$C$4:$M$59,10,FALSE)),"0") -> 0 | BH16: =IF(AND($C16<>"",$G16<>""),(VLOOKUP($C16,'V-LOOKUP'!$C$4:$M$59,11,FALSE)),"0") -> 0 | BI16: =IF(AND($C16<>"",$G16<>""),(VLOOKUP($C16,'V-LOOKUP'!$C$4:$N$59,12,FALSE)),"0") -> 0 | BJ16: =IF(AND($C16<>"",H16<>""),(VLOOKUP($C16,'V-LOOKUP'!$C$4:$M$59,4,FALSE)),"0") -> 0 | BK16: =IF(AND($C16<>"",$G16<>""),(VLOOKUP($C16,'V-LOOKUP'!$C$4:$M$59,5,FALSE)),"0") -> 0 | BL16: =IF(AND($C16<>"",$H16<>""),(VLOOKUP($C16,'V-LOOKUP'!$C$4:$M$59,6,FALSE)),"0") -> 0 | BM16: =IF(AND($C16<>"",$H16<>""),(VLOOKUP($C16,'V-LOOKUP'!$C$4:$M$59,7,FALSE)),"0") -> 0 | BN16: =IF(AND($C16<>"",$H16<>""),(VLOOKUP($C16,'V-LOOKUP'!$C$4:$M$59,8,FALSE)),"0") -> 0 | BO16: =IF(AND($C16<>"",$H16<>""),(VLOOKUP($C16,'V-LOOKUP'!$C$4:$M$59,9,FALSE)),"0") -> 0 | BP16: =IF(AND($C16<>"",$H16<>""),(VLOOKUP($C16,'V-LOOKUP'!$C$4:$M$59,10,FALSE)),"0") -> 0 | BQ16: =IF(AND($C16<>"",$H16<>""),(VLOOKUP($C16,'V-LOOKUP'!$C$4:$M$59,11,FALSE)),"0") -> 0 | BR16: =IF(AND($C16<>"",$H16<>""),(VLOOKUP($C16,'V-LOOKUP'!$C$4:$N$59,12,FALSE)),"0") -> 0 | BS16: =IF(AND($C16<>"",I16<>""),(VLOOKUP($C16,'V-LOOKUP'!$C$4:$M$59,4,FALSE)),"0") -> 0 | BT16: =IF(AND($C16<>"",$I16<>""),(VLOOKUP($C16,'V-LOOKUP'!$C$4:$M$59,5,FALSE)),"0") -> 0 | BU16: =IF(AND($C16<>"",$I16<>""),(VLOOKUP($C16,'V-LOOKUP'!$C$4:$M$59,6,FALSE)),"0") -> 0 | BV16: =IF(AND($C16<>"",$I16<>""),(VLOOKUP($C16,'V-LOOKUP'!$C$4:$M$59,7,FALSE)),"0") -> 0 | BW16: =IF(AND($C16<>"",$I16<>""),(VLOOKUP($C16,'V-LOOKUP'!$C$4:$M$59,8,FALSE)),"0") -> 0 | BX16: =IF(AND($C16<>"",$I16<>""),(VLOOKUP($C16,'V-LOOKUP'!$C$4:$M$59,9,FALSE)),"0") -> 0 | BY16: =IF(AND($C16<>"",$I16<>""),(VLOOKUP($C16,'V-LOOKUP'!$C$4:$M$59,10,FALSE)),"0") -> 0 | BZ16: =IF(AND($C16<>"",$I16<>""),(VLOOKUP($C16,'V-LOOKUP'!$C$4:$M$59,11,FALSE)),"0") -> 0 | CA16: =IF(AND($C16<>"",$I16<>""),(VLOOKUP($C16,'V-LOOKUP'!$C$4:$N$59,12,FALSE)),"0") -> 0 | CB16: =IF(AND($C16<>"",J16<>""),(VLOOKUP($C16,'V-LOOKUP'!$C$4:$M$59,4,FALSE)),"0") -> 0 | CC16: =IF(AND($C16<>"",$J16<>""),(VLOOKUP($C16,'V-LOOKUP'!$C$4:$M$59,5,FALSE)),"0") -> 0 | CD16: =IF(AND($C16<>"",$J16<>""),(VLOOKUP($C16,'V-LOOKUP'!$C$4:$M$59,6,FALSE)),"0") -> 0 | CE16: =IF(AND($C16<>"",$J16<>""),(VLOOKUP($C16,'V-LOOKUP'!$C$4:$M$59,7,FALSE)),"0") -> 0 | CF16: =IF(AND($C16<>"",$J16<>""),(VLOOKUP($C16,'V-LOOKUP'!$C$4:$M$59,8,FALSE)),"0") -> 0 | CG16: =IF(AND($C16<>"",$J16<>""),(VLOOKUP($C16,'V-LOOKUP'!$C$4:$M$59,9,FALSE)),"0") -> 0 | CH16: =IF(AND($C16<>"",$J16<>""),(VLOOKUP($C16,'V-LOOKUP'!$C$4:$M$59,10,FALSE)),"0") -> 0 | CI16: =IF(AND($C16<>"",$J16<>""),(VLOOKUP($C16,'V-LOOKUP'!$C$4:$M$59,11,FALSE)),"0") -> 0 | CJ16: =IF(AND($C16<>"",$J16<>""),(VLOOKUP($C16,'V-LOOKUP'!$C$4:$N$59,12,FALSE)),"0") -> 0 | CK16: =IF(AND($C16<>"",K16<>""),(VLOOKUP($C16,'V-LOOKUP'!$C$4:$M$59,4,FALSE)),"0") -> 0 | CL16: =IF(AND($C16<>"",$K16<>""),(VLOOKUP($C16,'V-LOOKUP'!$C$4:$M$59,5,FALSE)),"0") -> 0 | CM16: =IF(AND($C16<>"",$K16<>""),(VLOOKUP($C16,'V-LOOKUP'!$C$4:$M$59,6,FALSE)),"0") -> 0 | CN16: =IF(AND($C16<>"",$K16<>""),(VLOOKUP($C16,'V-LOOKUP'!$C$4:$M$59,7,FALSE)),"0") -> 0 | CO16: =IF(AND($C16<>"",$K16<>""),(VLOOKUP($C16,'V-LOOKUP'!$C$4:$M$59,8,FALSE)),"0") -> 0 | CP16: =IF(AND($C16<>"",$K16<>""),(VLOOKUP($C16,'V-LOOKUP'!$C$4:$M$59,9,FALSE)),"0") -> 0 | CQ16: =IF(AND($C16<>"",$K16<>""),(VLOOKUP($C16,'V-LOOKUP'!$C$4:$M$59,10,FALSE)),"0") -> 0 | CR16: =IF(AND($C16<>"",$K16<>""),(VLOOKUP($C16,'V-LOOKUP'!$C$4:$M$59,11,FALSE)),"0") -> 0 | CS16: =IF(AND($C16<>"",$K16<>""),(VLOOKUP($C16,'V-LOOKUP'!$C$4:$N$59,12,FALSE)),"0") -> 0 | CT16: =IF(AND($C16<>"",L16<>""),(VLOOKUP($C16,'V-LOOKUP'!$C$4:$M$59,4,FALSE)),"0") -> 0 | CU16: =IF(AND($C16<>"",$L16<>""),(VLOOKUP($C16,'V-LOOKUP'!$C$4:$M$59,5,FALSE)),"0") -> 0 | CV16: =IF(AND($C16<>"",$L16<>""),(VLOOKUP($C16,'V-LOOKUP'!$C$4:$M$59,6,FALSE)),"0") -> 0 | CW16: =IF(AND($C16<>"",$L16<>""),(VLOOKUP($C16,'V-LOOKUP'!$C$4:$M$59,7,FALSE)),"0") -> 0 | CX16: =IF(AND($C16<>"",$L16<>""),(VLOOKUP($C16,'V-LOOKUP'!$C$4:$M$59,8,FALSE)),"0") -> 0 | CY16: =IF(AND($C16<>"",$L16<>""),(VLOOKUP($C16,'V-LOOKUP'!$C$4:$M$59,9,FALSE)),"0") -> 0 | CZ16: =IF(AND($C16<>"",$L16<>""),(VLOOKUP($C16,'V-LOOKUP'!$C$4:$M$59,10,FALSE)),"0") -> 0 | DA16: =IF(AND($C16<>"",$L16<>""),(VLOOKUP($C16,'V-LOOKUP'!$C$4:$M$59,11,FALSE)),"0") -> 0 | DB16: =IF(AND($C16<>"",$L16<>""),(VLOOKUP($C16,'V-LOOKUP'!$C$4:$N$59,12,FALSE)),"0") -> 0 | DC16: =IF(AND($C16<>"",M16<>""),(VLOOKUP($C16,'V-LOOKUP'!$C$4:$M$59,4,FALSE)),"0") -> 0 | DD16: =IF(AND($C16<>"",$M16<>""),(VLOOKUP($C16,'V-LOOKUP'!$C$4:$M$59,5,FALSE)),"0") -> 0 | DE16: =IF(AND($C16<>"",$M16<>""),(VLOOKUP($C16,'V-LOOKUP'!$C$4:$M$59,6,FALSE)),"0") -> 0 | DF16: =IF(AND($C16<>"",$M16<>""),(VLOOKUP($C16,'V-LOOKUP'!$C$4:$M$59,7,FALSE)),"0") -> 0 | DG16: =IF(AND($C16<>"",$M16<>""),(VLOOKUP($C16,'V-LOOKUP'!$C$4:$M$59,8,FALSE)),"0") -> 0 | DH16: =IF(AND($C16<>"",$M16<>""),(VLOOKUP($C16,'V-LOOKUP'!$C$4:$M$59,9,FALSE)),"0") -> 0 | DI16: =IF(AND($C16<>"",$M16<>""),(VLOOKUP($C16,'V-LOOKUP'!$C$4:$M$59,10,FALSE)),"0") -> 0 | DJ16: =IF(AND($C16<>"",$M16<>""),(VLOOKUP($C16,'V-LOOKUP'!$C$4:$M$59,11,FALSE)),"0") -> 0 | DK16: =IF(AND($C16<>"",$M16<>""),(VLOOKUP($C16,'V-LOOKUP'!$C$4:$N$59,12,FALSE)),"0") -> 0 | DL16: =IF(AND($C16<>"",$N16<>""),(VLOOKUP($C16,'V-LOOKUP'!$C$4:$M$59,4,FALSE)),"0") -> 0 | DM16: =IF(AND($C16<>"",$N16<>""),(VLOOKUP($C16,'V-LOOKUP'!$C$4:$M$59,5,FALSE)),"0") -> 0 | DN16: =IF(AND($C16<>"",$N16<>""),(VLOOKUP($C16,'V-LOOKUP'!$C$4:$M$59,6,FALSE)),"0") -> 0 | DO16: =IF(AND($C16<>"",$N16<>""),(VLOOKUP($C16,'V-LOOKUP'!$C$4:$M$59,7,FALSE)),"0") -> 0 | DP16: =IF(AND($C16<>"",$N16<>""),(VLOOKUP($C16,'V-LOOKUP'!$C$4:$M$59,8,FALSE)),"0") -> 0 | DQ16: =IF(AND($C16<>"",$N16<>""),(VLOOKUP($C16,'V-LOOKUP'!$C$4:$M$59,9,FALSE)),"0") -> 0 | DR16: =IF(AND($C16<>"",$N16<>""),(VLOOKUP($C16,'V-LOOKUP'!$C$4:$M$59,10,FALSE)),"0") -> 0 | DS16: =IF(AND($C16<>"",$N16<>""),(VLOOKUP($C16,'V-LOOKUP'!$C$4:$M$59,11,FALSE)),"0") -> 0 | DT16: =IF(AND($C16<>"",$N16<>""),(VLOOKUP($C16,'V-LOOKUP'!$C$4:$N$59,12,FALSE)),"0") -> 0 | DU16: =IF(AND($C16<>"",O16<>""),(VLOOKUP($C16,'V-LOOKUP'!$C$4:$M$59,4,FALSE)),"0") -> 0 | DV16: =IF(AND($C16<>"",$O16<>""),(VLOOKUP($C16,'V-LOOKUP'!$C$4:$M$59,5,FALSE)),"0") -> 0 | DW16: =IF(AND($C16<>"",$O16<>""),(VLOOKUP($C16,'V-LOOKUP'!$C$4:$M$59,6,FALSE)),"0") -> 0 | DX16: =IF(AND($C16<>"",$O16<>""),(VLOOKUP($C16,'V-LOOKUP'!$C$4:$M$59,7,FALSE)),"0") -> 0 | DY16: =IF(AND($C16<>"",$O16<>""),(VLOOKUP($C16,'V-LOOKUP'!$C$4:$M$59,8,FALSE)),"0") -> 0 | DZ16: =IF(AND($C16<>"",$O16<>""),(VLOOKUP($C16,'V-LOOKUP'!$C$4:$M$59,9,FALSE)),"0") -> 0 | EA16: =IF(AND($C16<>"",$O16<>""),(VLOOKUP($C16,'V-LOOKUP'!$C$4:$M$59,10,FALSE)),"0") -> 0 | EB16: =IF(AND($C16<>"",$O16<>""),(VLOOKUP($C16,'V-LOOKUP'!$C$4:$M$59,11,FALSE)),"0") -> 0 | EC16: =IF(AND($C16<>"",$O16<>""),(VLOOKUP($C16,'V-LOOKUP'!$C$4:$N$59,12,FALSE)),"0") -> 0 | ED16: =IF(AND($C16<>"",P16<>""),(VLOOKUP($C16,'V-LOOKUP'!$C$4:$M$59,4,FALSE)),"0") -> 0 | EE16: =IF(AND($C16<>"",$P16<>""),(VLOOKUP($C16,'V-LOOKUP'!$C$4:$M$59,5,FALSE)),"0") -> 0 | EF16: =IF(AND($C16<>"",$P16<>""),(VLOOKUP($C16,'V-LOOKUP'!$C$4:$M$59,6,FALSE)),"0") -> 0 | EG16: =IF(AND($C16<>"",$P16<>""),(VLOOKUP($C16,'V-LOOKUP'!$C$4:$M$59,7,FALSE)),"0") -> 0 | EH16: =IF(AND($C16<>"",$P16<>""),(VLOOKUP($C16,'V-LOOKUP'!$C$4:$M$59,8,FALSE)),"0") -> 0 | EI16: =IF(AND($C16<>"",$P16<>""),(VLOOKUP($C16,'V-LOOKUP'!$C$4:$M$59,9,FALSE)),"0") -> 0 | EJ16: =IF(AND($C16<>"",$P16<>""),(VLOOKUP($C16,'V-LOOKUP'!$C$4:$M$59,10,FALSE)),"0") -> 0 | EK16: =IF(AND($C16<>"",$P16<>""),(VLOOKUP($C16,'V-LOOKUP'!$C$4:$M$59,11,FALSE)),"0") -> 0 | EL16: =IF(AND($C16<>"",$P16<>""),(VLOOKUP($C16,'V-LOOKUP'!$C$4:$N$59,12,FALSE)),"0") -> 0 | EM16: =IF(AND($C16<>"",Q16<>""),(VLOOKUP($C16,'V-LOOKUP'!$C$4:$M$59,4,FALSE)),"0") -> 0 | EN16: =IF(AND($C16<>"",$Q16<>""),(VLOOKUP($C16,'V-LOOKUP'!$C$4:$M$59,5,FALSE)),"0") -> 0 | EO16: =IF(AND($C16<>"",$Q16<>""),(VLOOKUP($C16,'V-LOOKUP'!$C$4:$M$59,6,FALSE)),"0") -> 0 | EP16: =IF(AND($C16<>"",$Q16<>""),(VLOOKUP($C16,'V-LOOKUP'!$C$4:$M$59,7,FALSE)),"0") -> 0 | EQ16: =IF(AND($C16<>"",$Q16<>""),(VLOOKUP($C16,'V-LOOKUP'!$C$4:$M$59,8,FALSE)),"0") -> 0 | ER16: =IF(AND($C16<>"",$Q16<>""),(VLOOKUP($C16,'V-LOOKUP'!$C$4:$M$59,9,FALSE)),"0") -> 0 | ES16: =IF(AND($C16<>"",$Q16<>""),(VLOOKUP($C16,'V-LOOKUP'!$C$4:$M$59,10,FALSE)),"0") -> 0 | ET16: =IF(AND($C16<>"",$Q16<>""),(VLOOKUP($C16,'V-LOOKUP'!$C$4:$M$59,11,FALSE)),"0") -> 0 | EU16: =IF(AND($C16<>"",$Q16<>""),(VLOOKUP($C16,'V-LOOKUP'!$C$4:$N$59,12,FALSE)),"0") -> 0 | EV16: =IF(AND($C16<>"",R16<>""),(VLOOKUP($C16,'V-LOOKUP'!$C$4:$M$59,4,FALSE)),"0") -> 0 | EW16: =IF(AND($C16<>"",$R16<>""),(VLOOKUP($C16,'V-LOOKUP'!$C$4:$M$59,5,FALSE)),"0") -> 0 | EX16: =IF(AND($C16<>"",$R16<>""),(VLOOKUP($C16,'V-LOOKUP'!$C$4:$M$59,6,FALSE)),"0") -> 0 | EY16: =IF(AND($C16<>"",$R16<>""),(VLOOKUP($C16,'V-LOOKUP'!$C$4:$M$59,7,FALSE)),"0") -> 0 | EZ16: =IF(AND($C16<>"",$R16<>""),(VLOOKUP($C16,'V-LOOKUP'!$C$4:$M$59,8,FALSE)),"0") -> 0 | FA16: =IF(AND($C16<>"",$R16<>""),(VLOOKUP($C16,'V-LOOKUP'!$C$4:$M$59,9,FALSE)),"0") -> 0 | FB16: =IF(AND($C16<>"",$R16<>""),(VLOOKUP($C16,'V-LOOKUP'!$C$4:$M$59,10,FALSE)),"0") -> 0 | FC16: =IF(AND($C16<>"",$R16<>""),(VLOOKUP($C16,'V-LOOKUP'!$C$4:$M$59,11,FALSE)),"0") -> 0 | FD16: =IF(AND($C16<>"",$R16<>""),(VLOOKUP($C16,'V-LOOKUP'!$C$4:$N$59,12,FALSE)),"0") -> 0 | FE16: =IF(AND($C16<>"",S16<>""),(VLOOKUP($C16,'V-LOOKUP'!$C$4:$M$59,4,FALSE)),"0") -> 0 | FF16: =IF(AND($C16<>"",$S16<>""),(VLOOKUP($C16,'V-LOOKUP'!$C$4:$M$59,5,FALSE)),"0") -> 0 | FG16: =IF(AND($C16<>"",$S16<>""),(VLOOKUP($C16,'V-LOOKUP'!$C$4:$M$59,6,FALSE)),"0") -> 0 | FH16: =IF(AND($C16<>"",$S16<>""),(VLOOKUP($C16,'V-LOOKUP'!$C$4:$M$59,7,FALSE)),"0") -> 0 | FI16: =IF(AND($C16<>"",$S16<>""),(VLOOKUP($C16,'V-LOOKUP'!$C$4:$M$59,8,FALSE)),"0") -> 0 | FJ16: =IF(AND($C16<>"",$S16<>""),(VLOOKUP($C16,'V-LOOKUP'!$C$4:$M$59,9,FALSE)),"0") -> 0 | FK16: =IF(AND($C16<>"",$S16<>""),(VLOOKUP($C16,'V-LOOKUP'!$C$4:$M$59,10,FALSE)),"0") -> 0 | FL16: =IF(AND($C16<>"",$S16<>""),(VLOOKUP($C16,'V-LOOKUP'!$C$4:$M$59,11,FALSE)),"0") -> 0 | FM16: =IF(AND($C16<>"",$S16<>""),(VLOOKUP($C16,'V-LOOKUP'!$C$4:$N$59,12,FALSE)),"0") -> 0 | FN16: =IF(AND($C16<>"",T16<>""),(VLOOKUP($C16,'V-LOOKUP'!$C$4:$M$59,4,FALSE)),"0") -> 0 | FO16: =IF(AND($C16<>"",$T16<>""),(VLOOKUP($C16,'V-LOOKUP'!$C$4:$M$59,5,FALSE)),"0") -> 0 | FP16: =IF(AND($C16<>"",$T16<>""),(VLOOKUP($C16,'V-LOOKUP'!$C$4:$M$59,6,FALSE)),"0") -> 0 | FQ16: =IF(AND($C16<>"",$T16<>""),(VLOOKUP($C16,'V-LOOKUP'!$C$4:$M$59,7,FALSE)),"0") -> 0 | FR16: =IF(AND($C16<>"",$T16<>""),(VLOOKUP($C16,'V-LOOKUP'!$C$4:$M$59,8,FALSE)),"0") -> 0 | FS16: =IF(AND($C16<>"",$T16<>""),(VLOOKUP($C16,'V-LOOKUP'!$C$4:$M$59,9,FALSE)),"0") -> 0 | FT16: =IF(AND($C16<>"",$T16<>""),(VLOOKUP($C16,'V-LOOKUP'!$C$4:$M$59,10,FALSE)),"0") -> 0 | FU16: =IF(AND($C16<>"",$T16<>""),(VLOOKUP($C16,'V-LOOKUP'!$C$4:$M$59,11,FALSE)),"0") -> 0 | FV16: =IF(AND($C16<>"",$T16<>""),(VLOOKUP($C16,'V-LOOKUP'!$C$4:$N$59,12,FALSE)),"0") -> 0 | FW16: =IF(AND($C16<>"",U16<>""),(VLOOKUP($C16,'V-LOOKUP'!$C$4:$M$59,4,FALSE)),"0") -> 0 | FX16: =IF(AND($C16<>"",$U16<>""),(VLOOKUP($C16,'V-LOOKUP'!$C$4:$M$59,5,FALSE)),"0") -> 0 | FY16: =IF(AND($C16<>"",$U16<>""),(VLOOKUP($C16,'V-LOOKUP'!$C$4:$M$59,6,FALSE)),"0") -> 0 | FZ16: =IF(AND($C16<>"",$U16<>""),(VLOOKUP($C16,'V-LOOKUP'!$C$4:$M$59,7,FALSE)),"0") -> 0 | GA16: =IF(AND($C16<>"",$U16<>""),(VLOOKUP($C16,'V-LOOKUP'!$C$4:$M$59,8,FALSE)),"0") -> 0 | GB16: =IF(AND($C16<>"",$U16<>""),(VLOOKUP($C16,'V-LOOKUP'!$C$4:$M$59,9,FALSE)),"0") -> 0 | GC16: =IF(AND($C16<>"",$U16<>""),(VLOOKUP($C16,'V-LOOKUP'!$C$4:$M$59,10,FALSE)),"0") -> 0 | GD16: =IF(AND($C16<>"",$U16<>""),(VLOOKUP($C16,'V-LOOKUP'!$C$4:$M$59,11,FALSE)),"0") -> 0 | GE16: =IF(AND($C16<>"",$U16<>""),(VLOOKUP($C16,'V-LOOKUP'!$C$4:$N$59,12,FALSE)),"0") -> 0 | GF16: =IF(AND($C16<>"",V16<>""),(VLOOKUP($C16,'V-LOOKUP'!$C$4:$M$59,4,FALSE)),"0") -> 0 | GG16: =IF(AND($C16<>"",$V16<>""),(VLOOKUP($C16,'V-LOOKUP'!$C$4:$M$59,5,FALSE)),"0") -> 0 | GH16: =IF(AND($C16<>"",$V16<>""),(VLOOKUP($C16,'V-LOOKUP'!$C$4:$M$59,6,FALSE)),"0") -> 0 | GI16: =IF(AND($C16<>"",$V16<>""),(VLOOKUP($C16,'V-LOOKUP'!$C$4:$M$59,7,FALSE)),"0") -> 0 | GJ16: =IF(AND($C16<>"",$V16<>""),(VLOOKUP($C16,'V-LOOKUP'!$C$4:$M$59,8,FALSE)),"0") -> 0 | GK16: =IF(AND($C16<>"",$V16<>""),(VLOOKUP($C16,'V-LOOKUP'!$C$4:$M$59,9,FALSE)),"0") -> 0 | GL16: =IF(AND($C16<>"",$V16<>""),(VLOOKUP($C16,'V-LOOKUP'!$C$4:$M$59,10,FALSE)),"0") -> 0 | GM16: =IF(AND($C16<>"",$V16<>""),(VLOOKUP($C16,'V-LOOKUP'!$C$4:$M$59,11,FALSE)),"0") -> 0 | GN16: =IF(AND($C16<>"",$V16<>""),(VLOOKUP($C16,'V-LOOKUP'!$C$4:$N$59,12,FALSE)),"0") -> 0 | GO16: =IF(AND($C16<>"",W16<>""),(VLOOKUP($C16,'V-LOOKUP'!$C$4:$M$59,4,FALSE)),"0") -> 0 | GP16: =IF(AND($C16<>"",$W16<>""),(VLOOKUP($C16,'V-LOOKUP'!$C$4:$M$59,5,FALSE)),"0") -> 0 | GQ16: =IF(AND($C16<>"",$W16<>""),(VLOOKUP($C16,'V-LOOKUP'!$C$4:$M$59,6,FALSE)),"0") -> 0 | GR16: =IF(AND($C16<>"",$W16<>""),(VLOOKUP($C16,'V-LOOKUP'!$C$4:$M$59,7,FALSE)),"0") -> 0 | GS16: =IF(AND($C16<>"",$W16<>""),(VLOOKUP($C16,'V-LOOKUP'!$C$4:$M$59,8,FALSE)),"0") -> 0 | GT16: =IF(AND($C16<>"",$W16<>""),(VLOOKUP($C16,'V-LOOKUP'!$C$4:$M$59,9,FALSE)),"0") -> 0 | GU16: =IF(AND($C16<>"",$W16<>""),(VLOOKUP($C16,'V-LOOKUP'!$C$4:$M$59,10,FALSE)),"0") -> 0 | GV16: =IF(AND($C16<>"",$W16<>""),(VLOOKUP($C16,'V-LOOKUP'!$C$4:$M$59,11,FALSE)),"0") -> 0 | GW16: =IF(AND($C16<>"",$W16<>""),(VLOOKUP($C16,'V-LOOKUP'!$C$4:$N$59,12,FALSE)),"0") -> 0
Z17: =IF(AND($C17<>"",$D17<>""),(VLOOKUP($C17,'V-LOOKUP'!$C$4:$M$59,4,FALSE)),"0") -> 0 | AA17: =IF(AND($C17<>"",$D17<>""),(VLOOKUP($C17,'V-LOOKUP'!$C$4:$M$59,5,FALSE)),"0") -> 0 | AB17: =IF(AND($C17<>"",$D17<>""),(VLOOKUP($C17,'V-LOOKUP'!$C$4:$M$59,6,FALSE)),"0") -> 0 | AC17: =IF(AND($C17<>"",$D17<>""),(VLOOKUP($C17,'V-LOOKUP'!$C$4:$M$59,7,FALSE)),"0") -> 0 | AD17: =IF(AND($C17<>"",$D17<>""),(VLOOKUP($C17,'V-LOOKUP'!$C$4:$M$59,8,FALSE)),"0") -> 0 | AE17: =IF(AND($C17<>"",$D17<>""),(VLOOKUP($C17,'V-LOOKUP'!$C$4:$M$59,9,FALSE)),"0") -> 0 | AF17: =IF(AND($C17<>"",$D17<>""),(VLOOKUP($C17,'V-LOOKUP'!$C$4:$M$59,10,FALSE)),"0") -> 0 | AG17: =IF(AND($C17<>"",$D17<>""),(VLOOKUP($C17,'V-LOOKUP'!$C$4:$M$59,11,FALSE)),"0") -> 0 | AH17: =IF(AND($C17<>"",$D17<>""),(VLOOKUP($C17,'V-LOOKUP'!$C$4:$N$59,12,FALSE)),"0") -> 0 | AI17: =IF(AND($C17<>"",E17<>""),(VLOOKUP($C17,'V-LOOKUP'!$C$4:$M$59,4,FALSE)),"0") -> 0 | AJ17: =IF(AND($C17<>"",$E17<>""),(VLOOKUP($C17,'V-LOOKUP'!$C$4:$M$59,5,FALSE)),"0") -> 0 | AK17: =IF(AND($C17<>"",$E17<>""),(VLOOKUP($C17,'V-LOOKUP'!$C$4:$M$59,6,FALSE)),"0") -> 0 | AL17: =IF(AND($C17<>"",$E17<>""),(VLOOKUP($C17,'V-LOOKUP'!$C$4:$M$59,7,FALSE)),"0") -> 0 | AM17: =IF(AND($C17<>"",$E17<>""),(VLOOKUP($C17,'V-LOOKUP'!$C$4:$M$59,8,FALSE)),"0") -> 0 | AN17: =IF(AND($C17<>"",$E17<>""),(VLOOKUP($C17,'V-LOOKUP'!$C$4:$M$59,9,FALSE)),"0") -> 0 | AO17: =IF(AND($C17<>"",$E17<>""),(VLOOKUP($C17,'V-LOOKUP'!$C$4:$M$59,10,FALSE)),"0") -> 0 | AP17: =IF(AND($C17<>"",$E17<>""),(VLOOKUP($C17,'V-LOOKUP'!$C$4:$M$59,11,FALSE)),"0") -> 0 | AQ17: =IF(AND($C17<>"",$E17<>""),(VLOOKUP($C17,'V-LOOKUP'!$C$4:$N$59,12,FALSE)),"0") -> 0 | AR17: =IF(AND($C17<>"",$F17<>""),(VLOOKUP($C17,'V-LOOKUP'!$C$4:$M$59,4,FALSE)),"0") -> 0 | AS17: =IF(AND($C17<>"",$F17<>""),(VLOOKUP($C17,'V-LOOKUP'!$C$4:$M$59,5,FALSE)),"0") -> 0 | AT17: =IF(AND($C17<>"",$F17<>""),(VLOOKUP($C17,'V-LOOKUP'!$C$4:$M$59,6,FALSE)),"0") -> 0 | AU17: =IF(AND($C17<>"",$F17<>""),(VLOOKUP($C17,'V-LOOKUP'!$C$4:$M$59,7,FALSE)),"0") -> 0 | AV17: =IF(AND($C17<>"",$F17<>""),(VLOOKUP($C17,'V-LOOKUP'!$C$4:$M$59,8,FALSE)),"0") -> 0 | AW17: =IF(AND($C17<>"",$F17<>""),(VLOOKUP($C17,'V-LOOKUP'!$C$4:$M$59,9,FALSE)),"0") -> 0 | AX17: =IF(AND($C17<>"",$F17<>""),(VLOOKUP($C17,'V-LOOKUP'!$C$4:$M$59,10,FALSE)),"0") -> 0 | AY17: =IF(AND($C17<>"",$F17<>""),(VLOOKUP($C17,'V-LOOKUP'!$C$4:$M$59,11,FALSE)),"0") -> 0 | AZ17: =IF(AND($C17<>"",$F17<>""),(VLOOKUP($C17,'V-LOOKUP'!$C$4:$N$59,12,FALSE)),"0") -> 0 | BA17: =IF(AND($C17<>"",G17<>""),(VLOOKUP($C17,'V-LOOKUP'!$C$4:$M$59,4,FALSE)),"0") -> 0 | BB17: =IF(AND($C17<>"",$G17<>""),(VLOOKUP($C17,'V-LOOKUP'!$C$4:$M$59,5,FALSE)),"0") -> 0 | BC17: =IF(AND($C17<>"",$G17<>""),(VLOOKUP($C17,'V-LOOKUP'!$C$4:$M$59,6,FALSE)),"0") -> 0 | BD17: =IF(AND($C17<>"",$G17<>""),(VLOOKUP($C17,'V-LOOKUP'!$C$4:$M$59,7,FALSE)),"0") -> 0 | BE17: =IF(AND($C17<>"",$G17<>""),(VLOOKUP($C17,'V-LOOKUP'!$C$4:$M$59,8,FALSE)),"0") -> 0 | BF17: =IF(AND($C17<>"",$G17<>""),(VLOOKUP($C17,'V-LOOKUP'!$C$4:$M$59,9,FALSE)),"0") -> 0 | BG17: =IF(AND($C17<>"",$G17<>""),(VLOOKUP($C17,'V-LOOKUP'!$C$4:$M$59,10,FALSE)),"0") -> 0 | BH17: =IF(AND($C17<>"",$G17<>""),(VLOOKUP($C17,'V-LOOKUP'!$C$4:$M$59,11,FALSE)),"0") -> 0 | BI17: =IF(AND($C17<>"",$G17<>""),(VLOOKUP($C17,'V-LOOKUP'!$C$4:$N$59,12,FALSE)),"0") -> 0 | BJ17: =IF(AND($C17<>"",H17<>""),(VLOOKUP($C17,'V-LOOKUP'!$C$4:$M$59,4,FALSE)),"0") -> 0 | BK17: =IF(AND($C17<>"",$G17<>""),(VLOOKUP($C17,'V-LOOKUP'!$C$4:$M$59,5,FALSE)),"0") -> 0 | BL17: =IF(AND($C17<>"",$H17<>""),(VLOOKUP($C17,'V-LOOKUP'!$C$4:$M$59,6,FALSE)),"0") -> 0 | BM17: =IF(AND($C17<>"",$H17<>""),(VLOOKUP($C17,'V-LOOKUP'!$C$4:$M$59,7,FALSE)),"0") -> 0 | BN17: =IF(AND($C17<>"",$H17<>""),(VLOOKUP($C17,'V-LOOKUP'!$C$4:$M$59,8,FALSE)),"0") -> 0 | BO17: =IF(AND($C17<>"",$H17<>""),(VLOOKUP($C17,'V-LOOKUP'!$C$4:$M$59,9,FALSE)),"0") -> 0 | BP17: =IF(AND($C17<>"",$H17<>""),(VLOOKUP($C17,'V-LOOKUP'!$C$4:$M$59,10,FALSE)),"0") -> 0 | BQ17: =IF(AND($C17<>"",$H17<>""),(VLOOKUP($C17,'V-LOOKUP'!$C$4:$M$59,11,FALSE)),"0") -> 0 | BR17: =IF(AND($C17<>"",$H17<>""),(VLOOKUP($C17,'V-LOOKUP'!$C$4:$N$59,12,FALSE)),"0") -> 0 | BS17: =IF(AND($C17<>"",I17<>""),(VLOOKUP($C17,'V-LOOKUP'!$C$4:$M$59,4,FALSE)),"0") -> 0 | BT17: =IF(AND($C17<>"",$I17<>""),(VLOOKUP($C17,'V-LOOKUP'!$C$4:$M$59,5,FALSE)),"0") -> 0 | BU17: =IF(AND($C17<>"",$I17<>""),(VLOOKUP($C17,'V-LOOKUP'!$C$4:$M$59,6,FALSE)),"0") -> 0 | BV17: =IF(AND($C17<>"",$I17<>""),(VLOOKUP($C17,'V-LOOKUP'!$C$4:$M$59,7,FALSE)),"0") -> 0 | BW17: =IF(AND($C17<>"",$I17<>""),(VLOOKUP($C17,'V-LOOKUP'!$C$4:$M$59,8,FALSE)),"0") -> 0 | BX17: =IF(AND($C17<>"",$I17<>""),(VLOOKUP($C17,'V-LOOKUP'!$C$4:$M$59,9,FALSE)),"0") -> 0 | BY17: =IF(AND($C17<>"",$I17<>""),(VLOOKUP($C17,'V-LOOKUP'!$C$4:$M$59,10,FALSE)),"0") -> 0 | BZ17: =IF(AND($C17<>"",$I17<>""),(VLOOKUP($C17,'V-LOOKUP'!$C$4:$M$59,11,FALSE)),"0") -> 0 | CA17: =IF(AND($C17<>"",$I17<>""),(VLOOKUP($C17,'V-LOOKUP'!$C$4:$N$59,12,FALSE)),"0") -> 0 | CB17: =IF(AND($C17<>"",J17<>""),(VLOOKUP($C17,'V-LOOKUP'!$C$4:$M$59,4,FALSE)),"0") -> 0 | CC17: =IF(AND($C17<>"",$J17<>""),(VLOOKUP($C17,'V-LOOKUP'!$C$4:$M$59,5,FALSE)),"0") -> 0 | CD17: =IF(AND($C17<>"",$J17<>""),(VLOOKUP($C17,'V-LOOKUP'!$C$4:$M$59,6,FALSE)),"0") -> 0 | CE17: =IF(AND($C17<>"",$J17<>""),(VLOOKUP($C17,'V-LOOKUP'!$C$4:$M$59,7,FALSE)),"0") -> 0 | CF17: =IF(AND($C17<>"",$J17<>""),(VLOOKUP($C17,'V-LOOKUP'!$C$4:$M$59,8,FALSE)),"0") -> 0 | CG17: =IF(AND($C17<>"",$J17<>""),(VLOOKUP($C17,'V-LOOKUP'!$C$4:$M$59,9,FALSE)),"0") -> 0 | CH17: =IF(AND($C17<>"",$J17<>""),(VLOOKUP($C17,'V-LOOKUP'!$C$4:$M$59,10,FALSE)),"0") -> 0 | CI17: =IF(AND($C17<>"",$J17<>""),(VLOOKUP($C17,'V-LOOKUP'!$C$4:$M$59,11,FALSE)),"0") -> 0 | CJ17: =IF(AND($C17<>"",$J17<>""),(VLOOKUP($C17,'V-LOOKUP'!$C$4:$N$59,12,FALSE)),"0") -> 0 | CK17: =IF(AND($C17<>"",K17<>""),(VLOOKUP($C17,'V-LOOKUP'!$C$4:$M$59,4,FALSE)),"0") -> 0 | CL17: =IF(AND($C17<>"",$K17<>""),(VLOOKUP($C17,'V-LOOKUP'!$C$4:$M$59,5,FALSE)),"0") -> 0 | CM17: =IF(AND($C17<>"",$K17<>""),(VLOOKUP($C17,'V-LOOKUP'!$C$4:$M$59,6,FALSE)),"0") -> 0 | CN17: =IF(AND($C17<>"",$K17<>""),(VLOOKUP($C17,'V-LOOKUP'!$C$4:$M$59,7,FALSE)),"0") -> 0 | CO17: =IF(AND($C17<>"",$K17<>""),(VLOOKUP($C17,'V-LOOKUP'!$C$4:$M$59,8,FALSE)),"0") -> 0 | CP17: =IF(AND($C17<>"",$K17<>""),(VLOOKUP($C17,'V-LOOKUP'!$C$4:$M$59,9,FALSE)),"0") -> 0 | CQ17: =IF(AND($C17<>"",$K17<>""),(VLOOKUP($C17,'V-LOOKUP'!$C$4:$M$59,10,FALSE)),"0") -> 0 | CR17: =IF(AND($C17<>"",$K17<>""),(VLOOKUP($C17,'V-LOOKUP'!$C$4:$M$59,11,FALSE)),"0") -> 0 | CS17: =IF(AND($C17<>"",$K17<>""),(VLOOKUP($C17,'V-LOOKUP'!$C$4:$N$59,12,FALSE)),"0") -> 0 | CT17: =IF(AND($C17<>"",L17<>""),(VLOOKUP($C17,'V-LOOKUP'!$C$4:$M$59,4,FALSE)),"0") -> 0 | CU17: =IF(AND($C17<>"",$L17<>""),(VLOOKUP($C17,'V-LOOKUP'!$C$4:$M$59,5,FALSE)),"0") -> 0 | CV17: =IF(AND($C17<>"",$L17<>""),(VLOOKUP($C17,'V-LOOKUP'!$C$4:$M$59,6,FALSE)),"0") -> 0 | CW17: =IF(AND($C17<>"",$L17<>""),(VLOOKUP($C17,'V-LOOKUP'!$C$4:$M$59,7,FALSE)),"0") -> 0 | CX17: =IF(AND($C17<>"",$L17<>""),(VLOOKUP($C17,'V-LOOKUP'!$C$4:$M$59,8,FALSE)),"0") -> 0 | CY17: =IF(AND($C17<>"",$L17<>""),(VLOOKUP($C17,'V-LOOKUP'!$C$4:$M$59,9,FALSE)),"0") -> 0 | CZ17: =IF(AND($C17<>"",$L17<>""),(VLOOKUP($C17,'V-LOOKUP'!$C$4:$M$59,10,FALSE)),"0") -> 0 | DA17: =IF(AND($C17<>"",$L17<>""),(VLOOKUP($C17,'V-LOOKUP'!$C$4:$M$59,11,FALSE)),"0") -> 0 | DB17: =IF(AND($C17<>"",$L17<>""),(VLOOKUP($C17,'V-LOOKUP'!$C$4:$N$59,12,FALSE)),"0") -> 0 | DC17: =IF(AND($C17<>"",M17<>""),(VLOOKUP($C17,'V-LOOKUP'!$C$4:$M$59,4,FALSE)),"0") -> 0 | DD17: =IF(AND($C17<>"",$M17<>""),(VLOOKUP($C17,'V-LOOKUP'!$C$4:$M$59,5,FALSE)),"0") -> 0 | DE17: =IF(AND($C17<>"",$M17<>""),(VLOOKUP($C17,'V-LOOKUP'!$C$4:$M$59,6,FALSE)),"0") -> 0 | DF17: =IF(AND($C17<>"",$M17<>""),(VLOOKUP($C17,'V-LOOKUP'!$C$4:$M$59,7,FALSE)),"0") -> 0 | DG17: =IF(AND($C17<>"",$M17<>""),(VLOOKUP($C17,'V-LOOKUP'!$C$4:$M$59,8,FALSE)),"0") -> 0 | DH17: =IF(AND($C17<>"",$M17<>""),(VLOOKUP($C17,'V-LOOKUP'!$C$4:$M$59,9,FALSE)),"0") -> 0 | DI17: =IF(AND($C17<>"",$M17<>""),(VLOOKUP($C17,'V-LOOKUP'!$C$4:$M$59,10,FALSE)),"0") -> 0 | DJ17: =IF(AND($C17<>"",$M17<>""),(VLOOKUP($C17,'V-LOOKUP'!$C$4:$M$59,11,FALSE)),"0") -> 0 | DK17: =IF(AND($C17<>"",$M17<>""),(VLOOKUP($C17,'V-LOOKUP'!$C$4:$N$59,12,FALSE)),"0") -> 0 | DL17: =IF(AND($C17<>"",$N17<>""),(VLOOKUP($C17,'V-LOOKUP'!$C$4:$M$59,4,FALSE)),"0") -> 0 | DM17: =IF(AND($C17<>"",$N17<>""),(VLOOKUP($C17,'V-LOOKUP'!$C$4:$M$59,5,FALSE)),"0") -> 0 | DN17: =IF(AND($C17<>"",$N17<>""),(VLOOKUP($C17,'V-LOOKUP'!$C$4:$M$59,6,FALSE)),"0") -> 0 | DO17: =IF(AND($C17<>"",$N17<>""),(VLOOKUP($C17,'V-LOOKUP'!$C$4:$M$59,7,FALSE)),"0") -> 0 | DP17: =IF(AND($C17<>"",$N17<>""),(VLOOKUP($C17,'V-LOOKUP'!$C$4:$M$59,8,FALSE)),"0") -> 0 | DQ17: =IF(AND($C17<>"",$N17<>""),(VLOOKUP($C17,'V-LOOKUP'!$C$4:$M$59,9,FALSE)),"0") -> 0 | DR17: =IF(AND($C17<>"",$N17<>""),(VLOOKUP($C17,'V-LOOKUP'!$C$4:$M$59,10,FALSE)),"0") -> 0 | DS17: =IF(AND($C17<>"",$N17<>""),(VLOOKUP($C17,'V-LOOKUP'!$C$4:$M$59,11,FALSE)),"0") -> 0 | DT17: =IF(AND($C17<>"",$N17<>""),(VLOOKUP($C17,'V-LOOKUP'!$C$4:$N$59,12,FALSE)),"0") -> 0 | DU17: =IF(AND($C17<>"",O17<>""),(VLOOKUP($C17,'V-LOOKUP'!$C$4:$M$59,4,FALSE)),"0") -> 0 | DV17: =IF(AND($C17<>"",$O17<>""),(VLOOKUP($C17,'V-LOOKUP'!$C$4:$M$59,5,FALSE)),"0") -> 0 | DW17: =IF(AND($C17<>"",$O17<>""),(VLOOKUP($C17,'V-LOOKUP'!$C$4:$M$59,6,FALSE)),"0") -> 0 | DX17: =IF(AND($C17<>"",$O17<>""),(VLOOKUP($C17,'V-LOOKUP'!$C$4:$M$59,7,FALSE)),"0") -> 0 | DY17: =IF(AND($C17<>"",$O17<>""),(VLOOKUP($C17,'V-LOOKUP'!$C$4:$M$59,8,FALSE)),"0") -> 0 | DZ17: =IF(AND($C17<>"",$O17<>""),(VLOOKUP($C17,'V-LOOKUP'!$C$4:$M$59,9,FALSE)),"0") -> 0 | EA17: =IF(AND($C17<>"",$O17<>""),(VLOOKUP($C17,'V-LOOKUP'!$C$4:$M$59,10,FALSE)),"0") -> 0 | EB17: =IF(AND($C17<>"",$O17<>""),(VLOOKUP($C17,'V-LOOKUP'!$C$4:$M$59,11,FALSE)),"0") -> 0 | EC17: =IF(AND($C17<>"",$O17<>""),(VLOOKUP($C17,'V-LOOKUP'!$C$4:$N$59,12,FALSE)),"0") -> 0 | ED17: =IF(AND($C17<>"",P17<>""),(VLOOKUP($C17,'V-LOOKUP'!$C$4:$M$59,4,FALSE)),"0") -> 0 | EE17: =IF(AND($C17<>"",$P17<>""),(VLOOKUP($C17,'V-LOOKUP'!$C$4:$M$59,5,FALSE)),"0") -> 0 | EF17: =IF(AND($C17<>"",$P17<>""),(VLOOKUP($C17,'V-LOOKUP'!$C$4:$M$59,6,FALSE)),"0") -> 0 | EG17: =IF(AND($C17<>"",$P17<>""),(VLOOKUP($C17,'V-LOOKUP'!$C$4:$M$59,7,FALSE)),"0") -> 0 | EH17: =IF(AND($C17<>"",$P17<>""),(VLOOKUP($C17,'V-LOOKUP'!$C$4:$M$59,8,FALSE)),"0") -> 0 | EI17: =IF(AND($C17<>"",$P17<>""),(VLOOKUP($C17,'V-LOOKUP'!$C$4:$M$59,9,FALSE)),"0") -> 0 | EJ17: =IF(AND($C17<>"",$P17<>""),(VLOOKUP($C17,'V-LOOKUP'!$C$4:$M$59,10,FALSE)),"0") -> 0 | EK17: =IF(AND($C17<>"",$P17<>""),(VLOOKUP($C17,'V-LOOKUP'!$C$4:$M$59,11,FALSE)),"0") -> 0 | EL17: =IF(AND($C17<>"",$P17<>""),(VLOOKUP($C17,'V-LOOKUP'!$C$4:$N$59,12,FALSE)),"0") -> 0 | EM17: =IF(AND($C17<>"",Q17<>""),(VLOOKUP($C17,'V-LOOKUP'!$C$4:$M$59,4,FALSE)),"0") -> 0 | EN17: =IF(AND($C17<>"",$Q17<>""),(VLOOKUP($C17,'V-LOOKUP'!$C$4:$M$59,5,FALSE)),"0") -> 0 | EO17: =IF(AND($C17<>"",$Q17<>""),(VLOOKUP($C17,'V-LOOKUP'!$C$4:$M$59,6,FALSE)),"0") -> 0 | EP17: =IF(AND($C17<>"",$Q17<>""),(VLOOKUP($C17,'V-LOOKUP'!$C$4:$M$59,7,FALSE)),"0") -> 0 | EQ17: =IF(AND($C17<>"",$Q17<>""),(VLOOKUP($C17,'V-LOOKUP'!$C$4:$M$59,8,FALSE)),"0") -> 0 | ER17: =IF(AND($C17<>"",$Q17<>""),(VLOOKUP($C17,'V-LOOKUP'!$C$4:$M$59,9,FALSE)),"0") -> 0 | ES17: =IF(AND($C17<>"",$Q17<>""),(VLOOKUP($C17,'V-LOOKUP'!$C$4:$M$59,10,FALSE)),"0") -> 0 | ET17: =IF(AND($C17<>"",$Q17<>""),(VLOOKUP($C17,'V-LOOKUP'!$C$4:$M$59,11,FALSE)),"0") -> 0 | EU17: =IF(AND($C17<>"",$Q17<>""),(VLOOKUP($C17,'V-LOOKUP'!$C$4:$N$59,12,FALSE)),"0") -> 0 | EV17: =IF(AND($C17<>"",R17<>""),(VLOOKUP($C17,'V-LOOKUP'!$C$4:$M$59,4,FALSE)),"0") -> 0 | EW17: =IF(AND($C17<>"",$R17<>""),(VLOOKUP($C17,'V-LOOKUP'!$C$4:$M$59,5,FALSE)),"0") -> 0 | EX17: =IF(AND($C17<>"",$R17<>""),(VLOOKUP($C17,'V-LOOKUP'!$C$4:$M$59,6,FALSE)),"0") -> 0 | EY17: =IF(AND($C17<>"",$R17<>""),(VLOOKUP($C17,'V-LOOKUP'!$C$4:$M$59,7,FALSE)),"0") -> 0 | EZ17: =IF(AND($C17<>"",$R17<>""),(VLOOKUP($C17,'V-LOOKUP'!$C$4:$M$59,8,FALSE)),"0") -> 0 | FA17: =IF(AND($C17<>"",$R17<>""),(VLOOKUP($C17,'V-LOOKUP'!$C$4:$M$59,9,FALSE)),"0") -> 0 | FB17: =IF(AND($C17<>"",$R17<>""),(VLOOKUP($C17,'V-LOOKUP'!$C$4:$M$59,10,FALSE)),"0") -> 0 | FC17: =IF(AND($C17<>"",$R17<>""),(VLOOKUP($C17,'V-LOOKUP'!$C$4:$M$59,11,FALSE)),"0") -> 0 | FD17: =IF(AND($C17<>"",$R17<>""),(VLOOKUP($C17,'V-LOOKUP'!$C$4:$N$59,12,FALSE)),"0") -> 0 | FE17: =IF(AND($C17<>"",S17<>""),(VLOOKUP($C17,'V-LOOKUP'!$C$4:$M$59,4,FALSE)),"0") -> 0 | FF17: =IF(AND($C17<>"",$S17<>""),(VLOOKUP($C17,'V-LOOKUP'!$C$4:$M$59,5,FALSE)),"0") -> 0 | FG17: =IF(AND($C17<>"",$S17<>""),(VLOOKUP($C17,'V-LOOKUP'!$C$4:$M$59,6,FALSE)),"0") -> 0 | FH17: =IF(AND($C17<>"",$S17<>""),(VLOOKUP($C17,'V-LOOKUP'!$C$4:$M$59,7,FALSE)),"0") -> 0 | FI17: =IF(AND($C17<>"",$S17<>""),(VLOOKUP($C17,'V-LOOKUP'!$C$4:$M$59,8,FALSE)),"0") -> 0 | FJ17: =IF(AND($C17<>"",$S17<>""),(VLOOKUP($C17,'V-LOOKUP'!$C$4:$M$59,9,FALSE)),"0") -> 0 | FK17: =IF(AND($C17<>"",$S17<>""),(VLOOKUP($C17,'V-LOOKUP'!$C$4:$M$59,10,FALSE)),"0") -> 0 | FL17: =IF(AND($C17<>"",$S17<>""),(VLOOKUP($C17,'V-LOOKUP'!$C$4:$M$59,11,FALSE)),"0") -> 0 | FM17: =IF(AND($C17<>"",$S17<>""),(VLOOKUP($C17,'V-LOOKUP'!$C$4:$N$59,12,FALSE)),"0") -> 0 | FN17: =IF(AND($C17<>"",T17<>""),(VLOOKUP($C17,'V-LOOKUP'!$C$4:$M$59,4,FALSE)),"0") -> 0 | FO17: =IF(AND($C17<>"",$T17<>""),(VLOOKUP($C17,'V-LOOKUP'!$C$4:$M$59,5,FALSE)),"0") -> 0 | FP17: =IF(AND($C17<>"",$T17<>""),(VLOOKUP($C17,'V-LOOKUP'!$C$4:$M$59,6,FALSE)),"0") -> 0 | FQ17: =IF(AND($C17<>"",$T17<>""),(VLOOKUP($C17,'V-LOOKUP'!$C$4:$M$59,7,FALSE)),"0") -> 0 | FR17: =IF(AND($C17<>"",$T17<>""),(VLOOKUP($C17,'V-LOOKUP'!$C$4:$M$59,8,FALSE)),"0") -> 0 | FS17: =IF(AND($C17<>"",$T17<>""),(VLOOKUP($C17,'V-LOOKUP'!$C$4:$M$59,9,FALSE)),"0") -> 0 | FT17: =IF(AND($C17<>"",$T17<>""),(VLOOKUP($C17,'V-LOOKUP'!$C$4:$M$59,10,FALSE)),"0") -> 0 | FU17: =IF(AND($C17<>"",$T17<>""),(VLOOKUP($C17,'V-LOOKUP'!$C$4:$M$59,11,FALSE)),"0") -> 0 | FV17: =IF(AND($C17<>"",$T17<>""),(VLOOKUP($C17,'V-LOOKUP'!$C$4:$N$59,12,FALSE)),"0") -> 0 | FW17: =IF(AND($C17<>"",U17<>""),(VLOOKUP($C17,'V-LOOKUP'!$C$4:$M$59,4,FALSE)),"0") -> 0 | FX17: =IF(AND($C17<>"",$U17<>""),(VLOOKUP($C17,'V-LOOKUP'!$C$4:$M$59,5,FALSE)),"0") -> 0 | FY17: =IF(AND($C17<>"",$U17<>""),(VLOOKUP($C17,'V-LOOKUP'!$C$4:$M$59,6,FALSE)),"0") -> 0 | FZ17: =IF(AND($C17<>"",$U17<>""),(VLOOKUP($C17,'V-LOOKUP'!$C$4:$M$59,7,FALSE)),"0") -> 0 | GA17: =IF(AND($C17<>"",$U17<>""),(VLOOKUP($C17,'V-LOOKUP'!$C$4:$M$59,8,FALSE)),"0") -> 0 | GB17: =IF(AND($C17<>"",$U17<>""),(VLOOKUP($C17,'V-LOOKUP'!$C$4:$M$59,9,FALSE)),"0") -> 0 | GC17: =IF(AND($C17<>"",$U17<>""),(VLOOKUP($C17,'V-LOOKUP'!$C$4:$M$59,10,FALSE)),"0") -> 0 | GD17: =IF(AND($C17<>"",$U17<>""),(VLOOKUP($C17,'V-LOOKUP'!$C$4:$M$59,11,FALSE)),"0") -> 0 | GE17: =IF(AND($C17<>"",$U17<>""),(VLOOKUP($C17,'V-LOOKUP'!$C$4:$N$59,12,FALSE)),"0") -> 0 | GF17: =IF(AND($C17<>"",V17<>""),(VLOOKUP($C17,'V-LOOKUP'!$C$4:$M$59,4,FALSE)),"0") -> 0 | GG17: =IF(AND($C17<>"",$V17<>""),(VLOOKUP($C17,'V-LOOKUP'!$C$4:$M$59,5,FALSE)),"0") -> 0 | GH17: =IF(AND($C17<>"",$V17<>""),(VLOOKUP($C17,'V-LOOKUP'!$C$4:$M$59,6,FALSE)),"0") -> 0 | GI17: =IF(AND($C17<>"",$V17<>""),(VLOOKUP($C17,'V-LOOKUP'!$C$4:$M$59,7,FALSE)),"0") -> 0 | GJ17: =IF(AND($C17<>"",$V17<>""),(VLOOKUP($C17,'V-LOOKUP'!$C$4:$M$59,8,FALSE)),"0") -> 0 | GK17: =IF(AND($C17<>"",$V17<>""),(VLOOKUP($C17,'V-LOOKUP'!$C$4:$M$59,9,FALSE)),"0") -> 0 | GL17: =IF(AND($C17<>"",$V17<>""),(VLOOKUP($C17,'V-LOOKUP'!$C$4:$M$59,10,FALSE)),"0") -> 0 | GM17: =IF(AND($C17<>"",$V17<>""),(VLOOKUP($C17,'V-LOOKUP'!$C$4:$M$59,11,FALSE)),"0") -> 0 | GN17: =IF(AND($C17<>"",$V17<>""),(VLOOKUP($C17,'V-LOOKUP'!$C$4:$N$59,12,FALSE)),"0") -> 0 | GO17: =IF(AND($C17<>"",W17<>""),(VLOOKUP($C17,'V-LOOKUP'!$C$4:$M$59,4,FALSE)),"0") -> 0 | GP17: =IF(AND($C17<>"",$W17<>""),(VLOOKUP($C17,'V-LOOKUP'!$C$4:$M$59,5,FALSE)),"0") -> 0 | GQ17: =IF(AND($C17<>"",$W17<>""),(VLOOKUP($C17,'V-LOOKUP'!$C$4:$M$59,6,FALSE)),"0") -> 0 | GR17: =IF(AND($C17<>"",$W17<>""),(VLOOKUP($C17,'V-LOOKUP'!$C$4:$M$59,7,FALSE)),"0") -> 0 | GS17: =IF(AND($C17<>"",$W17<>""),(VLOOKUP($C17,'V-LOOKUP'!$C$4:$M$59,8,FALSE)),"0") -> 0 | GT17: =IF(AND($C17<>"",$W17<>""),(VLOOKUP($C17,'V-LOOKUP'!$C$4:$M$59,9,FALSE)),"0") -> 0 | GU17: =IF(AND($C17<>"",$W17<>""),(VLOOKUP($C17,'V-LOOKUP'!$C$4:$M$59,10,FALSE)),"0") -> 0 | GV17: =IF(AND($C17<>"",$W17<>""),(VLOOKUP($C17,'V-LOOKUP'!$C$4:$M$59,11,FALSE)),"0") -> 0 | GW17: =IF(AND($C17<>"",$W17<>""),(VLOOKUP($C17,'V-LOOKUP'!$C$4:$N$59,12,FALSE)),"0") -> 0
